month,year,X23snaps,X4chan,X8tracks.com,aNobii,ASmallWorld,Athlinks,Biip.no,Busuu,Buzznet,CafeMom,CaringBridge,Cellufun,Chictopia,Cloob,CouchSurfing,CrossFit,Cucumbertown,DailyStrength,Dayviews,Draugiem.lv,Douban,Doximity,Dreamwidth,Duolingo,Ello,English..baby.,Facebook,Fandalism,Fieldoo,FetLife,FictionCity,Fitocracy,Flickr,Foursquare,Foursquare.Swarm,Fyuse,Gentlemint,Glee.com,Goodreads,GovLoop,Grindr,Hi5,Ibibo,identi.ca,IMVU,Indaba.Music,Influenster,Instagram,JamiiForums,Kaixin001,KakaoStory,KizlarSoruyor,Kobo,Koofers,Last.fm,Letterboxd,LibraryThing,LinguaLeo,LinkedIn,Mastodon,MocoSpace,mixi,Myspace,NK.pl,Nexopia,Ning.Interactive.Inc.,Odnoklassniki,PatientsLikeMe,Periscope,Pinterest,Playlist.com,Plurk,Postcrossing,Quora,Qzone,Ravelry,Red.Light.Center,Reddit,Renren,ResearchGate,ReverbNation,Sarahah,Sina.Weibo,Snapchat,SoundCloud,Soup.io,Steemit,StudiVZ,Tagged,Taringa.,TikTok,Tumblr,Twitter,Untappd,VK,Viadeo,Wattpad,We.Heart.It,Wikipedia,Woozworld,WordPress.com,Yelp,zoo.gr,X360voice,X43.Things,Baidu.Space,Bebo,Capazoo,DailyBooth,Delicious,Disaboom,DontStayIn,Eons.com,Experience.Project,Faves.com,FFFFOUND.,Fotolog,FriendFeed,GamerDNA,Gather.com,Google.,Google.Buzz,Grono.net,Hyves,Itsmy,iTunes.Ping,iWiW,Jaiku,Jiepang,Livemocha,Meez,Multiply,Me2day,Musical.ly,Naymz,Netlog,Nettby,Orkut,Piczo,Playfire,Poup√©egirl,Posterous,Raptr,Shelfari,SkillPages,SocialVibe,Sonico.com,Spring.me,Stickam,StockPickr,StumbleUpon,TravBuddy.com,tvtag,Vine,WeeWorld,Windows.Live.Messenger,Windows.Live.Spaces,Yahoo..360.,Yik.Yak,Vampirefreaks.com,Werkenntwen
1,2004,NA,1,NA,NA,NA,0,NA,NA,NA,NA,4,NA,NA,NA,NA,NA,NA,NA,NA,NA,NA,NA,NA,NA,NA,0,NA,NA,NA,NA,NA,NA,0,NA,NA,NA,NA,NA,NA,NA,NA,NA,NA,NA,NA,NA,NA,NA,NA,NA,NA,NA,NA,NA,0,NA,NA,NA,1,NA,NA,0,0.5,NA,0,NA,NA,NA,NA,NA,NA,NA,NA,NA,NA,NA,NA,NA,NA,NA,NA,NA,NA,NA,NA,NA,NA,NA,NA,NA,NA,NA,NA,NA,NA,NA,NA,NA,1,NA,0,NA,NA,NA,NA,NA,NA,NA,NA,0,NA,3,NA,NA,NA,NA,8,NA,NA,NA,NA,NA,0,NA,NA,NA,NA,NA,NA,NA,NA,0,NA,NA,NA,NA,NA,0.5,NA,NA,NA,NA,NA,NA,NA,NA,NA,NA,NA,NA,0,NA,NA,NA,NA,0,NA,NA,NA,0,NA
2,2004,NA,1,NA,NA,NA,0,NA,NA,NA,NA,4,NA,NA,NA,NA,NA,NA,NA,NA,NA,NA,NA,NA,NA,NA,0,NA,NA,NA,NA,NA,NA,0.5,NA,NA,NA,NA,NA,NA,NA,NA,NA,NA,NA,NA,NA,NA,NA,NA,NA,NA,NA,NA,NA,0.5,NA,NA,NA,1,NA,NA,0.5,0.5,NA,0,NA,NA,NA,NA,NA,NA,NA,NA,NA,NA,NA,NA,NA,NA,NA,NA,NA,NA,NA,NA,NA,NA,NA,NA,NA,NA,NA,NA,NA,NA,NA,NA,NA,2,NA,0,NA,NA,NA,NA,NA,NA,NA,NA,2,NA,5,NA,NA,NA,NA,7,NA,NA,NA,NA,NA,0,NA,NA,NA,NA,NA,NA,NA,NA,0,NA,NA,NA,NA,NA,1,NA,NA,NA,NA,NA,NA,NA,NA,NA,NA,NA,NA,2,NA,NA,NA,NA,0.5,NA,NA,NA,0,NA
3,2004,NA,1,NA,NA,0,0,NA,NA,NA,NA,3,NA,NA,NA,NA,NA,NA,NA,NA,NA,NA,NA,NA,NA,NA,16,NA,NA,NA,NA,NA,NA,0.5,NA,NA,NA,NA,NA,NA,NA,NA,NA,NA,NA,NA,NA,NA,NA,NA,NA,NA,NA,NA,NA,0.5,NA,NA,NA,1,NA,NA,0.5,0.5,NA,0,NA,NA,NA,NA,NA,NA,NA,NA,NA,NA,NA,NA,NA,NA,NA,NA,NA,NA,NA,NA,NA,NA,NA,NA,NA,NA,NA,NA,NA,NA,NA,NA,NA,2,NA,0,NA,NA,NA,NA,NA,NA,NA,NA,0,NA,3,NA,NA,NA,NA,11,NA,NA,NA,NA,NA,0,NA,NA,NA,NA,NA,NA,NA,NA,2,NA,NA,NA,NA,NA,0.5,NA,NA,NA,NA,NA,NA,NA,NA,NA,NA,NA,NA,1,NA,NA,NA,NA,0,NA,NA,NA,0,NA
4,2004,NA,1,NA,NA,0,0,NA,NA,NA,NA,8,NA,NA,NA,NA,NA,NA,NA,NA,0,NA,NA,NA,NA,NA,12,NA,NA,NA,NA,NA,NA,0.5,NA,NA,NA,NA,NA,NA,NA,NA,NA,NA,NA,NA,NA,NA,NA,NA,NA,NA,NA,NA,NA,0.5,NA,NA,NA,1,NA,NA,1,0.5,NA,0,NA,NA,NA,NA,NA,NA,NA,NA,NA,NA,NA,NA,NA,NA,NA,NA,NA,NA,NA,NA,NA,NA,NA,NA,NA,NA,NA,NA,NA,NA,NA,NA,NA,2,NA,1,NA,0,NA,NA,NA,NA,NA,NA,0,NA,0,NA,NA,NA,NA,15,NA,NA,NA,NA,NA,0,NA,NA,NA,NA,NA,NA,NA,NA,0,NA,NA,NA,NA,NA,1,NA,NA,NA,NA,NA,NA,NA,NA,NA,NA,NA,NA,1,NA,NA,NA,NA,0.5,NA,NA,NA,9,NA
5,2004,NA,1,NA,NA,0,0,NA,NA,NA,NA,26,NA,NA,NA,NA,NA,NA,NA,NA,0,NA,NA,NA,NA,NA,0,NA,NA,NA,NA,NA,NA,0.5,NA,NA,NA,NA,NA,NA,NA,NA,NA,NA,NA,NA,NA,NA,NA,NA,NA,NA,NA,NA,NA,0.5,NA,NA,NA,3,NA,NA,1,1,NA,9,NA,NA,NA,NA,NA,NA,NA,NA,NA,NA,NA,NA,NA,NA,NA,NA,NA,NA,NA,NA,NA,NA,NA,NA,NA,NA,NA,NA,NA,NA,0,NA,NA,3,NA,0,NA,3,NA,NA,NA,NA,NA,NA,0,NA,2,NA,NA,NA,NA,18,NA,NA,NA,NA,NA,0,NA,NA,NA,NA,NA,NA,NA,NA,0,NA,NA,NA,NA,NA,1,NA,NA,NA,NA,NA,NA,NA,NA,NA,NA,NA,NA,1,NA,NA,NA,NA,0.5,NA,NA,NA,4,NA
6,2004,NA,1,NA,NA,4,0,NA,NA,NA,NA,7,NA,NA,NA,0,NA,NA,NA,NA,2,NA,NA,NA,NA,NA,10,NA,NA,NA,NA,NA,NA,0.5,NA,NA,NA,NA,NA,NA,NA,NA,0.5,NA,NA,NA,NA,NA,NA,NA,NA,NA,NA,NA,NA,0.5,NA,NA,NA,1,NA,NA,3,1,NA,9,NA,NA,NA,NA,NA,NA,NA,NA,NA,NA,NA,NA,NA,NA,NA,NA,NA,NA,NA,NA,NA,NA,NA,NA,NA,NA,NA,NA,NA,NA,0,NA,NA,3,NA,0,NA,1,NA,NA,NA,NA,NA,NA,3,NA,2,NA,NA,NA,NA,20,NA,NA,NA,NA,NA,1,NA,NA,NA,NA,NA,NA,NA,NA,0,NA,NA,NA,NA,NA,1,NA,NA,NA,NA,NA,NA,NA,NA,NA,NA,NA,NA,1,NA,NA,NA,NA,0.5,NA,NA,NA,7,NA
7,2004,NA,1,NA,NA,4,0,NA,NA,NA,NA,11,NA,NA,NA,3,NA,NA,NA,NA,1,NA,NA,NA,NA,NA,0,NA,NA,NA,NA,NA,NA,0.5,NA,NA,NA,NA,NA,NA,NA,NA,0.5,NA,NA,NA,NA,NA,NA,NA,NA,NA,NA,NA,NA,0.5,NA,NA,NA,1,NA,NA,4,1,NA,14,NA,NA,NA,NA,NA,NA,NA,NA,NA,NA,NA,NA,NA,NA,NA,NA,NA,NA,NA,NA,NA,NA,NA,NA,NA,NA,NA,NA,NA,NA,0,NA,NA,2,NA,0,NA,3,NA,NA,NA,NA,NA,NA,0,NA,2,NA,NA,NA,NA,21,NA,NA,NA,NA,NA,1,NA,NA,NA,NA,NA,NA,NA,NA,0,NA,NA,NA,NA,NA,2,NA,NA,NA,NA,NA,NA,NA,NA,NA,NA,NA,NA,1,NA,NA,NA,NA,0.5,NA,NA,NA,15,NA
8,2004,NA,2,NA,NA,9,0,NA,NA,NA,NA,10,NA,NA,NA,5,NA,NA,NA,NA,4,NA,NA,NA,NA,NA,0,NA,NA,NA,NA,NA,NA,1,NA,NA,NA,NA,NA,NA,NA,NA,1,NA,NA,NA,NA,NA,NA,NA,NA,NA,NA,NA,NA,1,NA,NA,NA,1,NA,NA,6,1,NA,22,NA,NA,NA,NA,NA,NA,NA,NA,NA,NA,NA,NA,NA,NA,NA,NA,NA,NA,NA,NA,NA,NA,NA,NA,NA,NA,NA,NA,NA,NA,0,NA,NA,3,NA,0,NA,0,NA,NA,NA,NA,NA,NA,6,NA,11,NA,NA,NA,NA,23,NA,NA,NA,NA,NA,1,NA,NA,NA,NA,NA,NA,NA,NA,9,NA,NA,NA,NA,NA,4,NA,NA,NA,NA,NA,NA,NA,NA,NA,NA,NA,NA,2,NA,NA,NA,NA,0.5,NA,NA,NA,22,NA
9,2004,NA,2,NA,NA,10,0,NA,NA,NA,NA,20,NA,NA,NA,1,NA,NA,NA,NA,3,NA,NA,NA,NA,NA,0,NA,NA,NA,NA,NA,NA,1,NA,NA,NA,NA,NA,NA,NA,NA,1,NA,NA,NA,NA,NA,NA,NA,NA,NA,NA,NA,NA,0.5,NA,NA,NA,1,NA,NA,7,1,NA,25,NA,NA,NA,NA,NA,NA,NA,NA,NA,NA,NA,NA,NA,NA,NA,NA,NA,NA,NA,NA,NA,NA,NA,NA,NA,NA,NA,NA,NA,NA,0,NA,NA,4,NA,0,NA,4,NA,NA,NA,NA,NA,NA,4,NA,4,NA,NA,NA,NA,28,NA,NA,NA,NA,NA,0,NA,NA,NA,NA,NA,NA,NA,NA,3,NA,NA,NA,NA,NA,3,NA,NA,NA,NA,NA,NA,NA,NA,NA,NA,NA,NA,2,NA,NA,NA,NA,0.5,NA,NA,NA,10,NA
10,2004,NA,2,NA,NA,20,0,NA,NA,NA,NA,17,NA,NA,NA,1,NA,NA,NA,NA,9,NA,NA,NA,NA,NA,0,NA,NA,NA,NA,NA,NA,1,NA,NA,NA,NA,NA,NA,NA,NA,1,NA,NA,NA,NA,NA,NA,NA,NA,NA,NA,NA,NA,0.5,NA,NA,NA,1,NA,NA,9,2,NA,25,NA,NA,NA,NA,NA,NA,NA,NA,NA,NA,NA,NA,NA,NA,NA,NA,NA,NA,NA,NA,NA,NA,NA,0.5,NA,NA,NA,NA,NA,NA,0,NA,NA,5,NA,0,2,3,NA,NA,NA,NA,NA,NA,13,NA,6,NA,NA,NA,NA,29,NA,NA,NA,NA,NA,0,0.5,NA,NA,NA,NA,NA,NA,NA,7,NA,NA,NA,NA,NA,3,NA,NA,NA,NA,NA,NA,NA,NA,NA,NA,NA,NA,3,NA,NA,NA,NA,0.5,NA,NA,NA,10,NA
11,2004,NA,2,NA,NA,24,0,NA,NA,NA,NA,22,NA,NA,NA,1,NA,NA,NA,NA,5,NA,NA,NA,NA,NA,0,NA,NA,NA,NA,NA,NA,1,NA,NA,NA,NA,NA,NA,NA,NA,1,NA,NA,NA,NA,NA,NA,NA,NA,NA,NA,NA,NA,1,NA,NA,NA,1,NA,NA,11,2,NA,31,NA,NA,NA,NA,NA,NA,NA,NA,NA,NA,NA,NA,NA,NA,NA,NA,NA,NA,NA,NA,NA,NA,NA,0.5,NA,NA,NA,NA,NA,NA,0,NA,NA,6,NA,1,1,3,NA,NA,NA,NA,NA,NA,20,NA,4,NA,NA,NA,NA,32,NA,NA,NA,NA,NA,0,0,NA,NA,NA,NA,NA,NA,NA,7,NA,NA,NA,NA,NA,4,NA,NA,NA,NA,NA,NA,NA,NA,NA,NA,NA,NA,2,NA,NA,NA,NA,0,NA,NA,NA,23,NA
12,2004,NA,2,NA,NA,25,0,NA,NA,NA,NA,19,NA,NA,0,1,NA,NA,NA,NA,22,NA,NA,NA,NA,NA,9,NA,NA,NA,NA,NA,NA,2,NA,NA,NA,NA,NA,NA,NA,NA,1,NA,NA,NA,NA,NA,NA,NA,NA,NA,NA,NA,NA,0.5,NA,NA,NA,1,NA,NA,13,3,NA,29,NA,NA,NA,NA,NA,NA,NA,NA,NA,NA,NA,NA,NA,NA,NA,NA,NA,NA,NA,NA,NA,NA,NA,1,0.5,NA,NA,NA,NA,NA,0,NA,NA,7,NA,0,1,4,NA,NA,NA,NA,NA,NA,19,NA,11,NA,NA,NA,NA,31,NA,NA,NA,NA,NA,4,0.5,NA,NA,NA,NA,NA,NA,NA,10,NA,NA,NA,NA,NA,4,NA,NA,NA,NA,NA,NA,NA,NA,NA,NA,NA,NA,2,NA,NA,NA,0,0,0,NA,NA,38,NA
1,2005,NA,3,NA,NA,17,0,NA,NA,10,NA,14,NA,NA,0,1,NA,NA,NA,NA,19,NA,NA,NA,NA,NA,0,NA,NA,NA,NA,NA,NA,3,NA,NA,NA,NA,NA,NA,NA,NA,2,NA,NA,NA,NA,NA,NA,NA,NA,NA,NA,NA,NA,1,NA,NA,NA,2,NA,NA,14,3,NA,48,NA,NA,NA,NA,NA,NA,NA,NA,NA,NA,NA,NA,NA,NA,NA,NA,NA,NA,NA,NA,NA,NA,NA,1,0.5,NA,NA,NA,NA,NA,0,NA,NA,9,NA,0,2,4,NA,8,NA,NA,NA,NA,32,NA,18,NA,NA,NA,NA,28,NA,NA,NA,NA,NA,0,0.5,NA,NA,NA,NA,NA,NA,NA,6,NA,NA,NA,NA,NA,5,5,NA,NA,NA,NA,NA,NA,NA,NA,NA,NA,NA,2,NA,NA,NA,0,0.5,0,NA,NA,16,NA
2,2005,NA,3,NA,NA,22,0,NA,NA,8,NA,19,NA,NA,3,3,NA,NA,NA,NA,23,NA,NA,NA,NA,NA,8,NA,NA,NA,NA,NA,NA,6,NA,NA,NA,NA,NA,NA,NA,NA,3,NA,NA,NA,NA,NA,NA,NA,NA,NA,NA,NA,NA,1,NA,NA,NA,2,NA,NA,16,4,NA,43,NA,NA,NA,NA,NA,NA,NA,NA,NA,NA,NA,NA,NA,NA,NA,NA,NA,NA,NA,NA,NA,NA,NA,1,0,NA,NA,NA,NA,NA,0,NA,NA,9,NA,0,2,5,NA,27,NA,NA,NA,NA,43,NA,4,NA,NA,NA,NA,40,NA,NA,0,NA,NA,0,1,NA,NA,NA,NA,NA,NA,NA,10,NA,NA,NA,NA,NA,5,7,NA,NA,NA,NA,NA,NA,NA,NA,NA,NA,NA,3,NA,NA,NA,0,0,0,NA,NA,22,NA
3,2005,NA,2,NA,NA,20,0,NA,NA,12,NA,15,NA,NA,2,3,NA,NA,NA,NA,44,0.5,NA,NA,NA,NA,0,NA,NA,NA,NA,NA,NA,8,NA,NA,NA,NA,NA,NA,NA,NA,3,NA,NA,NA,NA,NA,NA,NA,NA,NA,NA,NA,NA,1,NA,NA,NA,2,NA,NA,20,5,NA,43,NA,NA,NA,NA,NA,NA,NA,NA,NA,NA,NA,NA,NA,NA,NA,NA,NA,NA,NA,NA,NA,NA,NA,1,0,NA,NA,NA,NA,NA,0,NA,NA,8,NA,0,2,12,NA,41,NA,NA,NA,NA,26,NA,25,NA,NA,NA,NA,37,NA,NA,20,NA,NA,9,1,NA,NA,NA,NA,NA,NA,NA,13,NA,NA,NA,NA,NA,5,9,NA,NA,NA,NA,NA,NA,NA,NA,NA,NA,NA,4,NA,NA,NA,0,0.5,0,10,NA,45,NA
4,2005,NA,2,NA,NA,25,0,NA,NA,7,NA,14,NA,NA,1,4,NA,NA,NA,NA,28,0,NA,NA,NA,NA,8,NA,NA,NA,NA,NA,NA,7,NA,NA,NA,NA,NA,NA,NA,NA,3,NA,NA,NA,NA,NA,NA,NA,NA,NA,NA,NA,NA,1,NA,NA,NA,1,NA,NA,20,7,NA,70,NA,NA,NA,NA,NA,NA,NA,NA,NA,NA,NA,NA,NA,NA,NA,NA,NA,NA,NA,NA,NA,NA,NA,2,0.5,NA,NA,NA,NA,NA,0,NA,NA,10,NA,0.5,1,5,NA,29,NA,NA,NA,NA,18,NA,30,NA,NA,NA,NA,45,NA,NA,0,NA,NA,21,2,NA,NA,NA,NA,NA,NA,NA,8,NA,NA,NA,NA,NA,5,11,NA,NA,NA,NA,NA,NA,NA,NA,NA,NA,NA,5,NA,NA,NA,0,0.5,0,11,NA,52,NA
5,2005,NA,3,NA,NA,22,0,NA,NA,13,NA,17,NA,NA,7,5,NA,NA,NA,NA,33,0.5,NA,NA,NA,NA,0,NA,NA,NA,NA,NA,NA,9,NA,NA,NA,NA,NA,NA,NA,NA,4,NA,NA,NA,NA,NA,NA,NA,NA,NA,NA,NA,NA,1,NA,NA,NA,2,NA,NA,24,8,NA,49,NA,NA,NA,NA,NA,NA,NA,NA,NA,NA,NA,NA,NA,NA,0,NA,NA,NA,NA,NA,NA,NA,NA,2,0.5,NA,NA,NA,NA,NA,0.5,NA,NA,12,NA,0,2,8,NA,18,NA,NA,NA,NA,32,NA,17,NA,NA,NA,NA,42,NA,NA,0,NA,NA,10,1,NA,NA,NA,NA,NA,NA,NA,8,NA,NA,NA,NA,NA,6,14,NA,NA,NA,NA,NA,NA,NA,NA,NA,NA,NA,8,NA,NA,NA,0,0.5,0,11,NA,56,NA
6,2005,NA,2,NA,NA,21,0,0,NA,6,NA,17,0,NA,4,4,NA,NA,NA,NA,22,0,NA,NA,NA,NA,0,NA,NA,NA,NA,NA,NA,10,NA,NA,NA,NA,NA,NA,NA,NA,4,NA,NA,0,NA,NA,NA,NA,NA,NA,NA,NA,NA,1,NA,NA,NA,2,NA,NA,30,10,NA,46,NA,NA,NA,NA,NA,NA,NA,NA,NA,1,NA,NA,0.5,NA,0,NA,NA,NA,NA,NA,NA,NA,NA,2,0.5,NA,NA,NA,NA,NA,0.5,NA,NA,13,NA,0,2,4,NA,15,NA,NA,NA,NA,33,NA,25,NA,NA,NA,NA,44,NA,NA,20,NA,NA,19,2,NA,NA,NA,NA,NA,NA,NA,11,NA,NA,NA,NA,NA,9,16,NA,NA,NA,NA,NA,NA,NA,NA,NA,NA,NA,6,NA,NA,NA,0,0,0,9,NA,66,NA
7,2005,NA,3,NA,NA,26,0,27,NA,3,NA,26,0,NA,5,7,NA,NA,NA,0,25,1,NA,NA,NA,NA,14,NA,NA,NA,NA,NA,NA,15,NA,NA,NA,NA,NA,NA,NA,NA,5,NA,NA,3,NA,NA,NA,NA,NA,NA,NA,NA,NA,1,NA,NA,NA,2,NA,NA,36,13,NA,53,NA,NA,NA,NA,NA,NA,NA,0,NA,2,NA,NA,0.5,NA,2,NA,NA,NA,NA,NA,NA,NA,NA,2,0.5,NA,NA,NA,NA,NA,0,NA,NA,13,NA,0,2,9,NA,22,NA,1,NA,NA,43,NA,23,NA,NA,NA,NA,46,NA,NA,0,NA,NA,21,2,NA,NA,NA,NA,NA,NA,NA,19,NA,NA,NA,NA,NA,11,21,NA,NA,NA,NA,NA,NA,NA,NA,NA,NA,NA,6,NA,NA,NA,1,0.5,0,8,NA,57,NA
8,2005,NA,4,NA,NA,37,0,13,NA,12,NA,23,0,NA,4,6,NA,NA,NA,1,35,3,NA,NA,NA,NA,13,NA,NA,NA,NA,NA,NA,16,NA,NA,NA,NA,NA,NA,NA,NA,6,NA,NA,0,NA,NA,NA,NA,NA,NA,NA,NA,NA,3,NA,0,NA,2,NA,NA,39,16,NA,60,NA,NA,NA,NA,NA,NA,NA,0,NA,4,NA,NA,0.5,NA,2,NA,NA,NA,NA,NA,NA,NA,NA,3,0.5,NA,NA,NA,NA,NA,0,NA,NA,16,NA,0,2,9,NA,29,NA,1,NA,NA,34,NA,29,NA,NA,NA,NA,47,NA,NA,0,NA,NA,25,3,NA,NA,NA,NA,NA,NA,NA,15,NA,NA,NA,NA,NA,14,22,NA,NA,NA,NA,NA,NA,NA,NA,NA,NA,NA,10,NA,NA,NA,0,0.5,0,13,NA,66,NA
9,2005,NA,3,NA,NA,35,0,12,NA,7,NA,15,0,NA,5,4,NA,NA,NA,1,31,1,NA,NA,NA,NA,6,NA,NA,NA,NA,NA,NA,16,NA,NA,NA,NA,NA,NA,NA,NA,6,NA,NA,1,NA,NA,NA,NA,NA,NA,NA,NA,NA,4,NA,5,NA,2,NA,NA,42,19,NA,59,NA,NA,NA,NA,NA,NA,NA,10,NA,4,NA,NA,0.5,NA,2,NA,NA,NA,NA,NA,NA,NA,NA,2,0.5,NA,NA,NA,NA,NA,0.5,NA,NA,21,NA,1,2,11,NA,13,NA,1,NA,NA,51,NA,29,NA,NA,NA,NA,47,NA,NA,0,NA,NA,30,4,NA,NA,NA,NA,NA,NA,NA,21,NA,NA,NA,NA,NA,19,23,NA,NA,NA,NA,NA,NA,NA,NA,NA,NA,NA,7,NA,NA,NA,1,0.5,0,13,NA,47,NA
10,2005,NA,4,NA,NA,33,0,44,NA,15,NA,14,0,NA,9,6,NA,NA,NA,4,45,2,NA,NA,NA,NA,6,NA,NA,NA,NA,NA,NA,15,NA,NA,NA,NA,NA,NA,NA,NA,7,NA,NA,2,NA,NA,NA,NA,NA,NA,NA,NA,NA,4,NA,14,NA,2,NA,0,49,22,NA,81,5,NA,0,NA,NA,NA,NA,9,NA,5,NA,NA,0.5,NA,0,NA,NA,NA,NA,NA,NA,NA,0,3,0.5,NA,NA,NA,NA,NA,0,NA,NA,25,NA,3,3,10,NA,30,NA,2,NA,NA,54,NA,44,NA,NA,NA,NA,49,NA,NA,0,NA,NA,41,3,NA,NA,0.5,NA,NA,NA,NA,16,NA,NA,NA,NA,NA,15,34,NA,NA,NA,NA,NA,NA,NA,NA,NA,NA,NA,7,NA,NA,NA,1,0.5,0,15,NA,85,NA
11,2005,NA,4,NA,NA,36,0,22,NA,18,NA,24,3,NA,6,5,NA,NA,NA,0.5,36,2,NA,NA,NA,NA,0,NA,NA,NA,NA,NA,NA,18,NA,NA,NA,NA,NA,NA,NA,NA,7,NA,NA,2,NA,NA,NA,NA,NA,NA,NA,NA,NA,6,NA,14,NA,2,NA,0,48,28,NA,68,2,NA,0,NA,NA,NA,NA,0,NA,7,NA,NA,0.5,NA,0,NA,NA,NA,NA,NA,NA,NA,0,3,0.5,NA,NA,NA,NA,NA,0,NA,NA,30,NA,1,2,6,NA,36,NA,3,NA,NA,47,NA,33,NA,NA,NA,NA,49,NA,NA,0,NA,NA,34,4,NA,NA,1,NA,NA,NA,NA,24,NA,NA,NA,NA,NA,17,41,NA,NA,NA,NA,NA,NA,NA,NA,NA,NA,NA,10,NA,NA,NA,1,2,0,13,NA,66,NA
12,2005,NA,4,NA,NA,43,0,11,NA,21,NA,11,0,NA,9,5,NA,NA,NA,2,43,5,NA,NA,NA,NA,6,NA,NA,NA,NA,NA,NA,20,NA,NA,NA,NA,NA,NA,NA,NA,8,NA,NA,0,NA,NA,NA,NA,NA,NA,NA,NA,NA,6,NA,9,NA,2,NA,0,58,35,NA,79,1,NA,0,NA,NA,NA,NA,5,NA,13,NA,0,0.5,0,0,NA,NA,NA,NA,NA,NA,NA,0,4,1,NA,NA,NA,NA,NA,0,NA,NA,30,NA,2,3,10,NA,6,NA,5,NA,NA,100,NA,54,NA,NA,NA,NA,54,NA,NA,48,NA,NA,37,4,NA,NA,4,NA,NA,NA,NA,23,NA,NA,NA,0,NA,13,49,NA,NA,NA,NA,NA,NA,NA,NA,NA,0,NA,9,15,NA,NA,1,3,0,20,NA,100,NA
1,2006,NA,4,NA,NA,54,0,38,NA,15,NA,16,2,NA,9,8,NA,NA,NA,2,43,2,NA,NA,NA,NA,0,0.5,NA,NA,NA,NA,NA,21,NA,NA,NA,NA,NA,NA,NA,NA,9,NA,NA,5,NA,NA,NA,NA,NA,NA,NA,NA,NA,7,NA,8,NA,2,NA,0,60,39,NA,78,1,NA,0,NA,NA,NA,NA,4,NA,11,NA,0,0.5,0.5,1,NA,NA,NA,NA,NA,NA,NA,0,5,1,NA,NA,NA,NA,NA,0,NA,NA,35,NA,3,3,11,NA,47,NA,7,NA,NA,78,NA,50,NA,0,NA,NA,46,NA,NA,99,NA,NA,51,4,NA,NA,6,NA,NA,NA,NA,22,NA,NA,0,0.5,NA,14,55,NA,NA,NA,NA,NA,NA,NA,NA,NA,0.5,NA,9,0,NA,NA,0,6,1,22,NA,86,NA
2,2006,NA,4,NA,NA,46,0,49,NA,17,NA,18,2,NA,12,9,NA,NA,NA,2,38,3,NA,NA,NA,NA,21,0.5,NA,NA,NA,NA,NA,24,NA,NA,NA,NA,NA,NA,NA,NA,9,NA,NA,5,NA,NA,NA,NA,NA,NA,NA,NA,NA,10,NA,8,NA,2,NA,0.5,64,47,NA,78,4,NA,0,NA,NA,0,NA,13,NA,13,NA,2,0.5,0.5,1,NA,NA,NA,NA,NA,NA,NA,0,4,1,NA,NA,NA,NA,NA,0,NA,NA,40,NA,4,3,12,NA,57,NA,9,NA,NA,78,NA,57,0,2,NA,NA,49,NA,NA,44,NA,NA,45,5,NA,NA,8,2,NA,NA,NA,27,NA,NA,0,0.5,NA,17,71,NA,NA,NA,NA,NA,NA,NA,NA,NA,1,NA,8,0,NA,NA,0.5,5,0,21,NA,86,NA
3,2006,NA,4,NA,NA,47,0,100,NA,27,NA,18,0,NA,8,8,NA,NA,NA,2,42,3,NA,NA,NA,NA,13,0.5,NA,NA,NA,NA,NA,27,NA,NA,NA,NA,NA,NA,NA,NA,9,NA,NA,6,NA,NA,NA,NA,NA,NA,NA,NA,NA,8,NA,15,NA,2,NA,0.5,64,49,NA,79,1,0.5,0,NA,NA,0,NA,4,NA,15,NA,10,0.5,0.5,0,NA,NA,NA,NA,NA,NA,NA,0.5,5,1,NA,NA,0.5,NA,NA,0,NA,NA,42,NA,2,3,17,NA,53,NA,16,NA,NA,60,NA,48,4,0,NA,NA,53,NA,NA,50,NA,NA,56,5,NA,NA,10,0,NA,NA,0.5,23,NA,NA,0,0.5,NA,21,91,NA,NA,NA,NA,NA,NA,NA,NA,NA,1,NA,7,23,NA,NA,0.5,7,6,35,NA,87,NA
4,2006,NA,4,NA,NA,38,0,36,NA,49,NA,26,0,NA,9,9,NA,NA,NA,4,43,6,NA,NA,NA,NA,9,0.5,NA,NA,NA,NA,NA,29,NA,NA,NA,NA,NA,NA,NA,NA,11,NA,NA,5,NA,NA,NA,NA,NA,NA,NA,NA,NA,10,NA,4,NA,2,NA,0.5,74,59,NA,88,3,0.5,0,NA,NA,0,NA,19,NA,19,NA,24,0.5,0.5,1,NA,NA,NA,NA,NA,NA,NA,0.5,6,1,NA,NA,0.5,NA,NA,0.5,NA,NA,46,NA,5,3,19,12,56,NA,22,NA,NA,60,NA,71,1,1,NA,NA,63,NA,NA,41,NA,NA,66,8,NA,NA,14,0,NA,NA,0.5,28,NA,NA,0,0.5,NA,26,100,NA,NA,NA,NA,NA,NA,NA,NA,NA,3,NA,9,0,NA,NA,1,8,0,33,NA,91,NA
5,2006,NA,5,NA,NA,50,0,49,NA,59,NA,23,0,NA,12,12,NA,NA,NA,5,51,6,NA,NA,NA,NA,9,0.5,NA,NA,NA,NA,NA,31,NA,NA,NA,NA,NA,NA,NA,NA,11,NA,NA,6,NA,NA,NA,NA,NA,NA,NA,NA,NA,11,NA,14,NA,2,NA,0.5,79,60,NA,87,3,0.5,21,NA,NA,0,NA,14,NA,14,NA,4,0.5,1,1,NA,NA,NA,NA,NA,NA,NA,0.5,5,1,NA,NA,0.5,NA,NA,0.5,NA,NA,54,NA,6,3,15,52,87,NA,27,NA,NA,60,NA,56,0,1,NA,NA,64,NA,NA,12,NA,NA,57,8,NA,NA,18,0,NA,NA,0.5,22,NA,NA,6,0.5,NA,30,95,NA,NA,NA,NA,NA,NA,NA,NA,NA,3,NA,10,22,NA,NA,1,16,3,34,NA,81,NA
6,2006,NA,6,NA,NA,45,0,44,NA,77,NA,41,4,NA,16,20,NA,NA,NA,6,44,6,NA,NA,NA,NA,9,0.5,NA,NA,NA,NA,NA,40,NA,NA,NA,NA,NA,NA,NA,NA,11,NA,NA,17,NA,NA,NA,NA,NA,NA,NA,NA,NA,13,NA,34,NA,2,NA,0,91,70,NA,83,5,0.5,7,NA,NA,0.5,NA,11,NA,10,NA,22,0.5,1,0,NA,NA,NA,NA,NA,NA,NA,1,6,1,NA,NA,0.5,NA,NA,0.5,NA,NA,50,NA,5,3,17,22,54,NA,32,NA,NA,72,NA,54,0,0,NA,NA,68,NA,NA,26,NA,NA,63,9,NA,NA,23,0,NA,NA,1,25,NA,NA,6,0.5,NA,32,93,NA,NA,NA,NA,NA,NA,NA,NA,NA,3,NA,9,12,NA,NA,0.5,33,2,40,NA,62,NA
7,2006,NA,7,NA,NA,40,0,78,NA,79,NA,24,7,NA,16,22,NA,NA,NA,6,54,4,NA,NA,NA,NA,9,0.5,NA,NA,NA,NA,NA,43,NA,NA,NA,NA,NA,NA,NA,NA,12,NA,NA,23,NA,NA,NA,NA,NA,NA,NA,NA,NA,18,NA,30,NA,2,NA,0.5,100,81,NA,97,2,0.5,0,NA,NA,0,NA,7,NA,14,NA,25,0.5,1,0,NA,NA,NA,NA,NA,NA,NA,3,6,1,NA,NA,0.5,NA,NA,0.5,NA,NA,47,NA,7,3,18,44,80,13,36,NA,NA,69,NA,74,8,1,NA,NA,72,NA,NA,13,NA,NA,59,9,0,NA,22,3,NA,NA,3,23,NA,NA,0,0.5,NA,38,97,NA,NA,NA,NA,NA,NA,NA,NA,NA,4,NA,8,0,NA,NA,0,43,8,47,NA,81,NA
8,2006,NA,7,NA,NA,58,0,40,NA,82,NA,29,2,NA,11,20,NA,NA,NA,9,45,5,NA,NA,NA,NA,37,1,NA,NA,NA,NA,NA,46,NA,NA,NA,NA,NA,NA,NA,NA,12,NA,NA,34,NA,NA,NA,NA,NA,NA,NA,NA,NA,18,NA,73,NA,2,NA,0.5,92,77,NA,87,3,0.5,7,NA,NA,0,NA,17,NA,12,NA,20,0.5,1,1,NA,NA,NA,NA,NA,NA,NA,7,5,1,NA,NA,0.5,NA,NA,0.5,NA,NA,50,NA,7,4,15,30,68,10,41,NA,NA,80,NA,78,28,1,NA,NA,70,NA,NA,47,NA,NA,60,10,0,NA,22,0,NA,NA,4,38,NA,NA,6,0.5,NA,42,93,NA,NA,NA,NA,NA,NA,NA,NA,NA,9,NA,11,0,NA,NA,2,42,82,55,NA,70,NA
9,2006,NA,6,NA,NA,51,0,31,NA,69,NA,32,4,NA,18,19,NA,NA,NA,13,44,6,NA,NA,NA,NA,20,1,NA,NA,NA,NA,NA,49,NA,NA,NA,NA,NA,NA,NA,NA,12,NA,NA,20,NA,NA,NA,NA,NA,NA,NA,NA,NA,17,NA,27,NA,3,NA,0.5,97,78,NA,90,2,0.5,6,NA,NA,0,NA,29,NA,12,NA,10,0.5,3,2,NA,NA,NA,NA,NA,NA,NA,9,5,1,NA,NA,0.5,NA,NA,0,NA,NA,66,NA,11,5,19,49,100,5,49,NA,NA,76,NA,77,3,0,NA,NA,59,NA,0,92,NA,NA,74,11,0,NA,22,0,NA,NA,4,38,NA,NA,0,0.5,1,45,72,NA,NA,NA,NA,NA,NA,NA,NA,NA,9,NA,12,21,NA,NA,3,43,70,52,NA,55,NA
10,2006,NA,6,NA,NA,46,0,56,NA,63,NA,29,0,NA,18,14,NA,NA,NA,14,54,8,NA,NA,NA,NA,14,1,NA,NA,NA,NA,NA,49,NA,NA,NA,NA,NA,NA,NA,NA,13,NA,NA,19,NA,NA,NA,NA,NA,NA,NA,NA,NA,16,NA,33,NA,3,NA,0.5,98,79,NA,91,1,0.5,6,NA,NA,0.5,NA,29,NA,10,NA,13,0.5,2,0,0.5,NA,NA,NA,NA,NA,NA,15,5,1,NA,NA,0.5,NA,0.5,0.5,NA,NA,70,NA,8,5,21,36,66,6,47,NA,NA,88,NA,88,5,2,NA,NA,55,NA,0,52,NA,NA,78,13,3,NA,25,2,NA,NA,5,39,NA,NA,0,0.5,5,46,65,NA,NA,NA,NA,7,NA,NA,NA,NA,13,NA,13,0,NA,NA,4,45,59,55,NA,54,0
11,2006,NA,7,NA,2,38,0,80,NA,50,NA,26,7,NA,18,16,NA,NA,NA,14,48,7,NA,NA,NA,NA,14,1,NA,NA,NA,NA,NA,49,NA,NA,NA,NA,NA,NA,NA,NA,14,NA,NA,29,NA,NA,NA,NA,NA,NA,NA,NA,NA,21,NA,59,NA,3,NA,0.5,89,81,0.5,90,1,0.5,0,NA,NA,1,NA,28,NA,9,NA,17,0.5,2,0.5,0,NA,NA,NA,NA,NA,NA,22,12,1,NA,NA,0.5,NA,0.5,1,NA,NA,74,NA,8,5,20,51,65,10,54,15,NA,83,NA,75,22,1,NA,NA,53,NA,0,10,NA,NA,73,13,7,NA,31,1,NA,NA,6,45,NA,NA,5,0.5,12,49,58,NA,NA,NA,NA,0,NA,NA,NA,NA,13,7,16,0,NA,NA,4,44,56,62,NA,48,0
12,2006,NA,7,NA,5,38,0,92,NA,65,3,31,4,NA,22,14,NA,NA,15,21,54,8,NA,NA,NA,NA,18,1,NA,NA,NA,NA,NA,54,NA,NA,NA,NA,NA,1,NA,NA,17,NA,NA,29,NA,NA,NA,NA,NA,NA,NA,NA,NA,26,NA,64,NA,3,NA,1,91,88,0.5,99,4,0.5,0,NA,NA,1,NA,21,NA,10,NA,14,1,3,1,0,NA,NA,NA,NA,NA,NA,20,11,1,NA,NA,0.5,NA,0.5,10,0.5,NA,74,NA,13,4,22,36,71,17,57,0,NA,86,NA,79,21,0,NA,NA,56,NA,0,11,NA,NA,60,14,10,NA,39,1,NA,NA,10,56,NA,NA,0,0.5,7,59,60,NA,NA,NA,NA,4,NA,NA,NA,NA,15,0,21,0,NA,NA,11,48,74,80,NA,55,0
1,2007,NA,7,NA,7,36,0,97,NA,68,12,38,3,NA,20,16,2,NA,6,24,52,8,NA,NA,NA,NA,44,1,NA,NA,NA,NA,NA,57,NA,NA,NA,NA,NA,0.5,NA,NA,20,1,NA,34,NA,NA,NA,NA,NA,NA,NA,NA,NA,25,NA,58,NA,3,NA,1,83,85,0.5,100,2,0.5,0,NA,NA,2,NA,28,NA,10,NA,25,0.5,1,1,1,NA,NA,NA,NA,NA,NA,24,12,1,NA,NA,0.5,NA,0.5,14,0.5,NA,79,NA,12,6,21,31,81,6,54,0,NA,93,NA,85,26,1,NA,NA,49,NA,0,100,NA,NA,86,16,24,NA,45,5,NA,NA,9,49,NA,NA,0,0.5,22,56,55,NA,NA,NA,NA,13,NA,NA,NA,NA,31,54,18,8,NA,NA,9,47,77,80,NA,54,0
2,2007,NA,7,NA,6,46,16,85,NA,81,8,38,5,NA,22,19,2,NA,17,27,68,7,NA,NA,NA,NA,34,1,NA,NA,NA,NA,NA,63,NA,NA,NA,NA,9,1,NA,NA,23,1,NA,32,7,NA,NA,NA,NA,NA,NA,NA,NA,29,NA,82,NA,4,NA,1,83,93,0.5,86,5,0.5,5,NA,NA,3,NA,8,NA,13,NA,17,1,2,0.5,1,NA,NA,NA,NA,NA,NA,27,13,1,NA,0.5,0.5,NA,0.5,22,0.5,NA,80,NA,18,6,25,82,70,12,67,29,NA,83,NA,86,17,1,NA,NA,54,NA,0,39,NA,NA,86,19,13,NA,50,0,NA,NA,14,58,2,NA,33,0.5,28,54,57,NA,0,NA,NA,7,NA,NA,NA,NA,34,36,21,9,NA,NA,11,52,83,78,NA,54,0
3,2007,NA,7,NA,4,61,0,56,NA,72,22,28,4,NA,16,25,3,NA,20,30,54,8,NA,NA,NA,NA,44,1,NA,NA,NA,NA,NA,59,NA,NA,NA,NA,8,1,NA,NA,23,1,NA,30,6,NA,NA,NA,NA,NA,NA,NA,NA,28,NA,75,NA,4,NA,1,79,85,1,86,9,0.5,5,NA,NA,3,NA,9,NA,15,NA,15,1,4,0.5,0.5,NA,NA,NA,NA,NA,NA,28,26,1,NA,0.5,1,NA,0.5,24,0.5,NA,80,NA,20,7,28,64,68,10,69,13,NA,86,NA,100,100,1,NA,NA,57,NA,0,84,NA,NA,82,25,14,NA,51,6,NA,NA,19,69,8,NA,4,0.5,39,61,51,NA,1,NA,NA,33,NA,NA,NA,NA,22,100,29,8,NA,NA,18,50,95,76,NA,46,0
4,2007,NA,9,NA,10,78,5,35,NA,100,29,40,6,NA,25,28,3,NA,34,41,54,6,NA,NA,NA,NA,24,2,NA,NA,NA,NA,NA,63,NA,NA,NA,NA,8,1,NA,NA,27,2,NA,35,6,NA,NA,NA,NA,NA,NA,NA,NA,33,NA,67,NA,4,NA,1,82,95,1,86,6,1,5,NA,NA,6,NA,30,NA,21,NA,16,1,7,0.5,0.5,NA,NA,NA,NA,0,NA,33,33,1,NA,0.5,1,NA,0.5,24,0.5,NA,80,NA,21,7,29,52,88,24,78,13,NA,75,0,94,12,4,NA,NA,65,NA,0,35,NA,NA,86,28,14,NA,49,43,NA,NA,18,70,4,NA,0,1,55,71,53,NA,7,NA,NA,3,NA,NA,NA,NA,28,99,31,16,NA,NA,24,48,86,79,NA,48,0
5,2007,NA,9,NA,10,100,4,61,NA,88,30,30,4,NA,20,22,2,NA,32,44,53,10,NA,NA,NA,NA,39,2,NA,NA,NA,NA,NA,67,NA,NA,NA,NA,0,3,NA,NA,29,0.5,NA,37,0,NA,NA,NA,NA,NA,NA,NA,NA,40,NA,70,NA,5,NA,1,85,95,1,81,7,1,0,NA,NA,9,NA,21,NA,24,2,21,1,10,1,1,NA,NA,NA,NA,0,NA,36,27,1,NA,0.5,1,NA,0.5,25,0,NA,86,NA,23,8,31,45,80,25,83,0,NA,73,0,95,5,0,NA,0,74,NA,0,46,NA,NA,95,31,30,NA,52,46,NA,NA,21,69,2,NA,0,14,65,74,47,NA,3,NA,NA,16,NA,NA,NA,NA,28,51,26,21,NA,NA,28,45,99,80,NA,48,3
6,2007,NA,10,NA,21,78,8,52,NA,95,51,36,3,NA,19,34,2,NA,49,49,64,10,NA,NA,NA,NA,41,3,NA,NA,NA,NA,NA,77,NA,NA,NA,NA,7,3,NA,NA,31,1,NA,49,0,NA,NA,NA,NA,NA,NA,NA,NA,44,NA,87,NA,6,NA,2,92,95,1,83,8,1,0,NA,NA,9,NA,13,NA,26,5,24,1,12,1,1,NA,NA,NA,NA,0,NA,42,24,1,NA,0.5,1,NA,0.5,27,0.5,NA,81,NA,25,9,30,60,70,20,91,12,NA,59,0,84,5,2,NA,2,81,NA,0,39,NA,NA,85,34,44,NA,57,34,NA,NA,29,87,7,NA,4,21,61,72,42,NA,6,NA,NA,14,NA,NA,NA,NA,29,53,33,35,NA,NA,38,47,94,91,NA,36,1
7,2007,NA,12,NA,22,67,13,57,NA,83,56,39,0,NA,16,48,3,NA,41,50,78,10,NA,NA,NA,NA,54,3,NA,NA,NA,NA,NA,83,NA,NA,NA,NA,7,3,NA,NA,35,1,NA,52,0,NA,NA,NA,NA,NA,NA,NA,NA,42,NA,74,NA,7,NA,2,89,100,2,76,10,1,4,NA,NA,11,NA,24,NA,35,7,28,1,11,1,1,NA,NA,NA,NA,0,NA,49,22,2,NA,0.5,1,NA,0.5,27,0.5,NA,73,NA,25,10,26,79,78,17,99,0,NA,69,0,77,6,3,NA,2,79,NA,0,39,NA,NA,69,39,38,NA,56,29,NA,NA,30,86,5,NA,15,30,62,80,39,NA,9,NA,NA,44,NA,NA,0,NA,47,87,36,56,NA,NA,40,49,100,93,NA,42,4
8,2007,NA,13,NA,20,70,16,55,NA,92,80,46,6,NA,14,43,3,NA,60,64,81,12,NA,NA,NA,NA,18,4,NA,NA,NA,NA,NA,89,NA,NA,NA,NA,0,3,NA,NA,41,1,NA,43,5,NA,NA,NA,NA,NA,NA,NA,NA,41,NA,71,NA,8,NA,3,87,98,3,77,10,1,8,NA,NA,12,NA,29,NA,41,11,52,1,14,0,2,NA,NA,NA,0.5,0,NA,57,20,2,NA,0.5,1,NA,0.5,28,0.5,NA,77,NA,28,10,24,32,65,28,98,0,NA,81,0,63,10,4,NA,2,83,NA,0,30,NA,NA,84,48,37,NA,61,27,NA,NA,34,98,0,NA,11,40,85,100,34,NA,9,NA,NA,50,NA,NA,3,NA,34,61,30,60,NA,NA,46,47,91,97,NA,38,0
9,2007,NA,12,NA,29,73,0,76,NA,75,74,40,1,NA,19,51,3,NA,77,65,90,12,NA,NA,NA,NA,49,4,NA,NA,NA,NA,NA,89,NA,NA,NA,NA,6,4,NA,NA,46,3,NA,47,5,NA,NA,NA,NA,NA,NA,NA,NA,45,NA,100,NA,8,NA,3,82,88,5,70,10,2,4,NA,NA,12,NA,24,NA,30,16,100,1,16,0.5,1,NA,NA,NA,0.5,14,NA,64,19,3,NA,0.5,0.5,NA,1,34,0.5,NA,87,NA,33,10,26,66,62,26,92,54,NA,69,20,68,10,5,0,3,85,NA,0,28,NA,NA,88,52,46,NA,62,24,NA,2,26,91,6,NA,14,47,63,89,30,NA,13,NA,NA,73,NA,NA,3,NA,37,32,33,64,NA,NA,39,61,75,87,NA,30,1
10,2007,NA,13,NA,17,93,17,73,NA,72,72,32,0,NA,19,33,3,NA,78,70,76,12,NA,NA,NA,NA,51,5,NA,NA,NA,NA,NA,86,NA,NA,NA,NA,17,3,NA,NA,49,7,NA,45,14,NA,NA,NA,NA,NA,NA,NA,NA,45,NA,84,NA,9,NA,4,75,84,9,63,12,2,18,NA,NA,12,NA,16,NA,31,20,76,1,20,0.5,2,NA,NA,NA,0.5,0,NA,75,19,4,NA,0.5,0.5,NA,1,37,0.5,NA,89,NA,28,10,31,54,46,23,91,96,NA,84,27,75,2,7,0,3,88,2,0,32,NA,NA,91,57,44,NA,62,100,NA,2,29,90,4,NA,15,52,86,84,27,NA,11,NA,NA,100,NA,0,7,NA,34,24,32,52,NA,NA,39,50,79,100,NA,40,8
11,2007,NA,10,NA,24,62,10,41,NA,70,76,35,2,NA,20,32,4,NA,67,79,87,17,NA,NA,NA,NA,91,6,NA,NA,NA,NA,NA,84,NA,NA,NA,NA,17,3,NA,NA,53,4,NA,44,0,NA,NA,NA,NA,NA,NA,NA,NA,44,NA,81,NA,9,NA,3,71,83,24,55,13,4,27,NA,NA,13,NA,17,NA,32,23,50,1,23,0,2,NA,NA,NA,0.5,0,NA,89,19,4,NA,0.5,1,NA,1,34,0.5,NA,91,NA,35,10,32,16,44,18,93,47,NA,76,44,68,5,6,0,11,89,0,0,62,NA,NA,87,63,41,NA,65,36,NA,6,32,100,1,NA,15,59,93,83,25,NA,14,NA,NA,77,NA,12,11,NA,33,74,30,45,NA,NA,47,57,68,87,NA,38,11
12,2007,NA,14,NA,30,74,7,54,NA,77,73,40,2,NA,22,42,4,NA,89,86,90,15,NA,NA,NA,NA,100,6,NA,NA,NA,NA,NA,86,NA,NA,NA,NA,0,5,NA,NA,58,6,NA,50,0,NA,NA,NA,NA,NA,NA,NA,NA,48,NA,79,NA,9,NA,5,72,88,48,67,13,7,22,NA,NA,16,NA,15,NA,44,22,61,1,28,1,1,NA,NA,NA,0.5,13,NA,93,19,5,NA,0.5,1,NA,2,27,0.5,NA,85,NA,32,10,34,74,50,24,97,91,NA,58,38,71,5,7,28,11,98,0.5,0,47,NA,NA,97,73,44,NA,70,15,NA,8,34,100,3,NA,13,68,89,83,25,NA,13,NA,NA,60,NA,0,25,NA,42,45,32,42,NA,NA,58,64,74,91,NA,33,7
1,2008,NA,11,NA,32,48,13,35,NA,67,76,35,3,NA,19,37,5,NA,88,90,81,16,NA,NA,NA,NA,98,6,NA,NA,0,NA,NA,82,NA,NA,NA,NA,0,6,NA,NA,58,10,NA,50,9,NA,NA,NA,NA,NA,NA,NA,NA,49,NA,79,NA,11,NA,6,69,81,87,55,16,9,7,NA,NA,15,NA,17,NA,40,23,46,1,21,0.5,2,NA,NA,NA,0.5,12,NA,94,20,5,NA,0.5,1,NA,2,28,0.5,0,87,NA,37,11,37,45,51,17,97,62,NA,70,58,57,4,7,24,10,93,3,0,12,NA,NA,100,78,61,NA,68,23,NA,11,27,86,1,NA,17,67,79,69,22,NA,14,NA,NA,77,NA,6,25,NA,41,79,29,58,NA,NA,50,58,58,80,NA,37,16
2,2008,NA,12,NA,23,43,13,68,NA,75,74,43,8,2,22,38,6,NA,80,77,79,16,NA,NA,NA,NA,57,6,NA,NA,0,NA,NA,82,NA,NA,NA,NA,0,7,NA,NA,67,17,NA,57,4,NA,NA,NA,NA,NA,NA,NA,NA,50,NA,88,NA,10,NA,7,66,80,89,53,21,12,17,NA,NA,23,NA,19,NA,40,26,40,1,19,0,3,NA,NA,NA,0.5,36,NA,98,19,7,NA,0.5,1,NA,2,28,0.5,0.5,92,NA,38,12,38,51,36,20,100,100,NA,70,34,53,6,6,50,13,93,2,0,18,NA,NA,93,81,73,NA,74,15,NA,16,33,83,3,NA,44,63,88,65,22,NA,29,NA,NA,60,NA,6,26,NA,39,9,30,60,NA,NA,49,67,68,77,NA,33,12
3,2008,NA,12,NA,43,38,21,45,NA,64,96,44,4,0,14,43,5,NA,100,84,71,17,NA,NA,NA,NA,82,7,NA,NA,0.5,NA,NA,84,NA,NA,NA,NA,10,6,NA,NA,72,19,NA,48,4,NA,NA,NA,NA,NA,NA,NA,NA,54,NA,84,NA,12,NA,7,68,81,88,51,26,15,100,NA,NA,33,NA,19,NA,48,27,27,1,28,0,2,NA,NA,NA,0.5,11,NA,92,20,8,NA,0.5,1,NA,3,27,0.5,0.5,89,NA,46,13,39,53,36,18,96,51,NA,64,72,76,7,7,94,16,95,11,0,23,NA,NA,96,87,65,NA,74,16,NA,21,35,85,1,NA,74,71,75,65,21,0,32,NA,NA,62,NA,11,39,NA,43,42,32,56,NA,NA,55,64,64,85,NA,50,16
4,2008,NA,14,NA,32,34,33,67,NA,61,90,52,4,2,11,42,6,NA,86,80,71,24,NA,NA,NA,NA,90,7,NA,NA,0.5,NA,NA,86,NA,NA,NA,NA,10,8,NA,NA,83,12,NA,60,0,NA,NA,NA,0.5,NA,NA,NA,NA,58,NA,67,NA,13,NA,8,67,79,84,52,28,14,28,NA,NA,49,NA,22,NA,49,24,33,1,31,1,3,NA,NA,NA,0.5,11,NA,100,25,10,NA,0.5,1,NA,4,32,0.5,0.5,93,NA,45,14,35,33,37,27,96,59,NA,70,31,65,3,8,23,15,98,18,9,28,NA,NA,89,85,95,NA,70,20,NA,25,30,80,1,NA,100,71,80,63,18,0,29,NA,NA,41,NA,38,52,NA,45,29,24,30,NA,NA,68,54,46,79,NA,25,18
5,2008,NA,14,NA,36,41,41,36,3,66,92,40,3,2,23,43,7,NA,100,82,61,25,NA,NA,NA,NA,84,8,NA,NA,0.5,NA,NA,91,NA,NA,NA,NA,5,5,0,NA,94,11,NA,45,8,NA,NA,2,0.5,NA,NA,NA,NA,61,NA,91,NA,12,NA,9,70,78,79,48,37,14,27,NA,NA,72,0.5,14,NA,51,29,44,1,36,2,4,NA,NA,NA,0.5,0,NA,96,28,12,NA,0.5,1,NA,4,27,0.5,0.5,92,NA,46,15,38,37,31,29,93,25,NA,69,100,64,1,7,45,17,100,18,9,27,NA,NA,78,78,91,NA,69,26,NA,24,34,93,2,NA,37,78,84,59,16,1,30,1,NA,72,NA,32,55,NA,51,24,27,49,NA,NA,74,52,49,86,NA,28,15
6,2008,NA,15,NA,36,34,24,45,3,76,86,40,5,9,18,54,8,NA,91,80,69,30,NA,2,NA,NA,59,10,NA,NA,2,NA,NA,94,NA,NA,NA,NA,10,8,0,NA,96,10,NA,64,0,NA,NA,2,0.5,NA,NA,NA,NA,60,NA,89,NA,13,NA,11,73,83,82,49,39,13,19,NA,NA,73,22,19,NA,57,27,32,1,35,2,4,NA,NA,NA,0.5,11,NA,95,35,15,NA,0.5,1,NA,4,32,0.5,0.5,90,NA,46,15,42,48,36,32,99,34,NA,63,48,63,5,7,0,17,93,15,9,39,NA,NA,83,81,100,NA,71,33,NA,30,36,84,0,NA,25,83,73,60,14,2,35,1,NA,50,NA,22,48,NA,60,25,26,51,NA,NA,82,54,54,82,NA,27,18
7,2008,NA,21,NA,34,44,33,55,2,79,95,48,3,31,25,57,9,NA,100,72,67,30,NA,2,NA,NA,90,11,NA,NA,5,NA,NA,98,NA,NA,NA,NA,5,7,0,NA,100,12,8,66,4,NA,NA,1,2,NA,NA,NA,NA,68,NA,70,NA,14,NA,12,72,80,88,56,41,14,6,NA,NA,72,19,22,NA,73,30,35,1,36,1,3,NA,NA,NA,0.5,11,NA,93,44,19,NA,0.5,1,NA,4,28,0.5,0.5,81,NA,51,18,43,42,42,45,100,8,NA,57,85,56,3,13,23,23,97,24,26,49,NA,NA,72,81,54,NA,69,19,NA,38,45,87,2,NA,40,83,68,63,14,5,35,5,NA,43,NA,37,60,NA,73,24,26,79,NA,NA,88,57,47,84,NA,22,28
8,2008,NA,18,0.5,29,28,21,40,3,61,100,51,5,27,24,64,9,NA,73,88,70,34,NA,2,NA,NA,75,12,NA,NA,3,NA,NA,99,NA,NA,NA,NA,5,7,19,NA,98,16,6,56,28,NA,NA,3,9,NA,NA,NA,NA,71,NA,92,NA,14,NA,13,73,81,89,49,46,14,46,NA,NA,80,13,28,NA,77,31,26,1,36,1,4,NA,NA,NA,0.5,22,NA,89,47,23,NA,0.5,1,NA,4,27,0.5,0.5,86,NA,51,19,35,56,44,55,100,8,NA,42,31,59,4,16,68,25,93,16,26,22,NA,NA,76,93,73,NA,72,21,NA,37,54,94,1,NA,45,88,70,60,14,10,49,5,NA,39,NA,75,62,NA,65,28,26,54,NA,NA,84,59,48,82,NA,28,32
9,2008,NA,16,1,45,37,33,30,6,70,99,47,3,47,26,58,8,NA,85,79,66,29,NA,0,NA,NA,77,14,NA,NA,3,NA,NA,94,NA,NA,NA,NA,0,9,0,NA,98,14,3,45,18,NA,NA,3,31,NA,NA,NA,NA,75,NA,67,NA,15,NA,13,67,76,86,38,47,16,36,NA,NA,85,14,31,NA,63,33,19,1,42,1,4,NA,NA,NA,0.5,10,NA,86,48,24,NA,0.5,1,NA,5,37,0.5,0.5,92,NA,55,18,47,100,31,97,89,23,NA,43,29,52,6,15,0,21,90,15,58,26,NA,NA,68,90,75,NA,70,18,NA,49,48,74,3,NA,12,100,77,56,11,12,47,5,7,100,NA,100,70,NA,62,11,28,55,NA,NA,70,65,51,91,NA,16,35
10,2008,NA,16,1,50,33,29,30,5,53,74,44,4,37,20,44,9,NA,72,93,64,40,NA,0,NA,NA,55,16,NA,NA,5,NA,NA,98,NA,NA,NA,NA,8,8,32,NA,95,12,1,46,13,NA,NA,4,31,NA,NA,NA,3,78,NA,74,NA,16,NA,14,66,71,89,28,54,17,28,NA,NA,97,18,27,NA,59,31,19,1,46,0.5,5,NA,NA,NA,0.5,36,NA,83,52,29,NA,0.5,2,NA,6,47,0.5,0.5,99,NA,62,17,48,47,27,100,89,7,NA,40,32,51,7,13,38,33,83,16,30,9,NA,NA,71,92,51,NA,67,9,NA,45,54,87,4,NA,36,95,97,53,11,17,42,3,5,49,NA,54,62,NA,61,31,28,58,NA,NA,64,66,39,83,NA,25,33
11,2008,NA,16,1,31,35,26,39,5,56,81,42,4,54,28,49,9,NA,59,99,68,39,NA,0,NA,NA,57,19,NA,NA,6,NA,NA,97,NA,NA,NA,NA,4,8,0,NA,94,12,2,46,7,NA,NA,6,32,NA,NA,NA,2,86,NA,74,NA,15,NA,17,61,70,88,25,60,18,38,NA,NA,97,16,25,NA,50,38,23,1,52,2,5,NA,NA,NA,0.5,10,NA,78,61,31,NA,1,2,NA,7,43,0.5,0.5,97,NA,59,17,49,57,37,85,88,15,NA,40,7,50,1,12,20,30,77,12,55,29,NA,NA,61,91,70,NA,68,11,NA,48,61,86,3,NA,28,95,91,54,10,17,36,5,10,51,NA,85,66,NA,59,32,32,61,NA,NA,70,63,43,85,NA,17,26
12,2008,NA,17,2,38,44,34,36,5,55,84,43,8,83,39,45,10,NA,69,100,77,43,NA,2,NA,NA,71,22,NA,NA,5,NA,NA,98,NA,NA,NA,NA,4,8,0,NA,90,21,2,53,28,NA,NA,2,36,NA,NA,NA,2,98,NA,72,NA,15,NA,18,64,69,100,24,73,20,74,NA,NA,100,17,24,NA,49,40,34,1,56,1,5,NA,NA,NA,0.5,9,NA,75,65,34,NA,1,3,NA,8,42,0.5,0.5,89,NA,54,19,52,49,34,88,84,0,NA,36,20,39,1,10,40,25,73,19,62,10,NA,NA,64,89,72,NA,75,15,NA,46,64,76,3,NA,25,97,93,56,9,20,47,5,3,62,NA,84,68,NA,65,7,31,51,NA,NA,89,81,48,85,NA,19,37
1,2009,NA,20,1,54,36,24,32,6,49,73,52,7,63,36,60,11,NA,63,93,73,36,NA,2,NA,NA,70,25,NA,NA,7,NA,NA,100,NA,NA,NA,NA,0,11,0,NA,87,14,2,55,13,NA,NA,5,26,NA,NA,NA,3,94,NA,84,NA,18,NA,18,63,66,96,18,58,20,34,NA,NA,82,23,14,NA,45,43,49,1,41,2,5,NA,NA,NA,0.5,52,NA,72,72,37,NA,1,4,NA,8,48,0.5,1,92,NA,54,20,53,60,35,45,83,7,NA,43,0,38,3,11,92,30,64,21,100,13,NA,NA,60,94,84,NA,84,31,NA,55,67,89,2,NA,19,92,100,55,9,18,56,5,4,53,NA,86,63,NA,69,40,32,28,NA,NA,77,90,42,79,NA,18,34
2,2009,NA,18,1,54,37,39,9,6,47,64,49,7,56,38,56,11,NA,54,93,80,43,NA,0,NA,NA,63,27,NA,NA,10,NA,NA,98,NA,NA,NA,NA,0,9,32,NA,84,15,4,59,100,NA,NA,6,23,NA,NA,NA,6,91,NA,87,NA,20,NA,18,58,61,96,16,61,20,18,NA,NA,78,21,30,NA,53,41,50,1,45,2,7,NA,NA,NA,0.5,0,NA,68,79,43,NA,1,8,NA,8,58,1,1,91,NA,58,21,56,47,31,47,80,7,5,36,0,41,2,16,57,39,56,14,37,5,NA,NA,58,93,62,NA,87,16,NA,64,69,89,2,NA,27,86,94,53,8,13,64,5,4,67,NA,81,57,NA,65,14,32,58,NA,NA,70,78,38,91,NA,19,29
3,2009,NA,19,1,54,35,31,25,7,37,73,47,13,67,32,57,11,NA,57,91,78,43,NA,2,NA,NA,43,30,NA,NA,8,NA,NA,99,4,NA,NA,NA,0,11,100,0.5,86,13,2,37,9,NA,NA,5,37,NA,NA,NA,9,100,NA,85,NA,21,NA,20,59,60,92,15,73,22,30,NA,NA,85,31,34,NA,53,42,32,1,61,0.5,6,NA,NA,NA,1,8,NA,68,86,45,NA,1,14,NA,9,62,1,1,92,NA,60,23,58,52,23,60,71,0,19,38,23,32,5,21,68,38,53,18,60,16,NA,NA,54,90,64,NA,87,26,NA,64,71,98,5,NA,18,82,81,56,8,27,63,10,6,58,NA,76,53,NA,73,12,31,70,NA,NA,71,77,36,83,NA,16,44
4,2009,NA,21,3,50,28,32,23,7,45,56,53,13,68,35,62,13,NA,59,78,81,51,NA,49,NA,NA,50,31,NA,NA,11,NA,NA,97,3,NA,NA,NA,4,12,0,2,86,17,4,49,25,NA,NA,3,53,NA,NA,NA,9,93,NA,80,NA,21,NA,21,59,62,85,13,80,22,36,NA,NA,88,31,30,NA,55,39,28,1,71,1,8,NA,NA,NA,1,25,NA,69,89,51,NA,1,21,NA,10,56,1,1,95,NA,66,24,65,29,26,42,72,0,17,31,24,40,4,13,72,47,54,26,70,30,NA,NA,47,92,72,NA,81,14,NA,69,73,84,6,NA,31,82,89,59,8,18,56,11,7,68,NA,68,75,NA,76,10,34,39,NA,NA,76,77,32,89,NA,20,48
5,2009,NA,22,2,51,31,39,40,9,46,58,40,14,60,34,68,14,NA,63,93,86,50,NA,100,NA,NA,36,33,NA,NA,13,NA,NA,100,1,NA,NA,NA,4,10,69,4,84,13,4,53,20,NA,NA,7,71,NA,NA,NA,7,81,NA,71,NA,20,NA,20,60,60,78,12,86,22,29,NA,NA,98,43,34,NA,55,33,28,1,77,1,7,NA,NA,NA,1,40,NA,69,91,57,NA,1,19,NA,10,54,1,1,96,NA,66,23,70,31,23,31,69,0,19,37,17,32,2,18,33,49,52,31,52,20,NA,NA,48,96,85,NA,80,13,NA,78,76,91,1,NA,17,77,88,60,7,19,76,8,6,44,NA,62,88,NA,72,9,30,25,NA,NA,83,70,25,95,NA,16,34
6,2009,NA,20,2,60,29,35,27,6,45,56,37,12,73,33,74,14,NA,51,88,91,49,NA,17,NA,NA,42,37,NA,NA,15,NA,NA,99,3,NA,NA,NA,4,12,56,5,85,16,4,50,12,NA,NA,6,83,NA,NA,NA,0,75,NA,67,NA,21,NA,18,60,57,79,10,90,22,27,NA,NA,84,62,29,NA,55,36,35,1,82,2,5,NA,NA,NA,1,8,NA,74,100,59,NA,1,26,NA,9,57,1,1,91,NA,67,25,71,34,21,38,64,12,14,34,17,25,2,20,17,39,48,28,77,24,NA,NA,46,100,59,NA,82,10,NA,73,82,94,3,NA,29,77,88,59,6,13,82,13,7,49,NA,70,84,NA,82,12,29,36,NA,NA,80,67,27,72,NA,19,47
7,2009,NA,25,2,47,30,35,27,6,42,55,37,17,56,39,93,16,NA,49,82,77,61,NA,25,NA,NA,57,39,NA,NA,15,NA,NA,97,4,NA,NA,NA,4,12,14,10,88,16,4,68,41,NA,NA,5,87,NA,NA,NA,3,70,NA,61,NA,20,NA,21,59,58,74,11,85,24,18,NA,NA,76,78,24,NA,65,41,39,1,81,1,7,NA,NA,NA,1,8,NA,73,100,68,NA,1,29,NA,9,55,1,1,83,NA,72,26,81,31,32,43,66,0,15,31,17,28,2,23,100,44,52,33,58,8,NA,NA,42,96,67,NA,80,7,NA,90,100,85,11,NA,19,74,84,66,7,20,73,30,12,48,NA,51,83,NA,96,12,27,43,NA,NA,89,73,22,49,NA,15,55
8,2009,NA,22,2,63,28,21,27,10,45,52,37,13,54,42,88,15,NA,53,90,86,62,NA,16,NA,NA,59,41,NA,NA,15,NA,NA,94,4,NA,NA,NA,0,11,0,6,82,20,5,64,26,NA,NA,6,100,NA,NA,NA,1,69,NA,73,NA,22,NA,21,60,54,74,9,87,24,13,NA,NA,70,100,24,NA,62,43,41,2,78,2,8,NA,1,NA,1,24,NA,70,89,70,NA,2,30,NA,10,50,1,1,84,NA,71,29,88,41,15,58,60,12,40,36,28,26,2,27,0,41,49,100,39,20,NA,NA,40,95,61,NA,80,12,NA,79,80,84,42,NA,23,73,80,67,6,20,80,32,13,62,NA,55,83,NA,97,21,30,57,NA,NA,80,71,20,23,NA,14,47
9,2009,NA,20,2,70,27,36,15,11,38,42,32,14,60,43,74,14,NA,84,77,81,59,NA,11,NA,NA,42,46,NA,NA,15,NA,NA,96,5,NA,NA,NA,17,11,26,9,78,19,4,58,27,NA,NA,6,91,NA,NA,NA,7,67,NA,79,NA,24,NA,19,62,46,68,7,90,25,42,NA,NA,73,74,35,NA,63,40,45,1,81,2,9,NA,2,NA,2,30,NA,69,78,69,NA,2,28,NA,12,63,1,1,92,0.5,80,26,95,32,17,63,49,0,40,30,11,27,4,27,31,45,44,31,36,19,NA,NA,36,92,51,NA,84,11,NA,75,59,72,26,NA,29,71,80,62,5,18,88,27,8,53,NA,51,79,NA,74,19,31,34,NA,NA,59,98,19,19,NA,17,62
10,2009,NA,20,2,70,30,38,21,9,35,46,37,16,74,45,61,14,NA,46,70,85,61,NA,18,NA,NA,45,48,NA,NA,16,NA,NA,93,9,NA,NA,NA,48,11,37,7,74,21,6,63,18,NA,NA,4,86,NA,NA,NA,23,66,NA,64,NA,25,NA,20,75,44,68,6,100,25,33,NA,NA,63,70,31,NA,68,40,30,2,95,2,7,NA,2,NA,2,7,NA,67,73,68,NA,2,25,NA,13,71,1,2,95,0.5,83,26,95,39,10,77,47,0,50,29,10,25,5,26,59,47,40,29,46,14,NA,NA,35,97,63,NA,82,7,NA,76,62,68,18,NA,38,67,80,64,4,13,83,41,14,59,NA,41,86,NA,69,3,34,48,NA,NA,57,82,17,20,NA,14,54
11,2009,NA,19,2,71,27,25,7,10,30,52,37,21,61,40,55,14,NA,49,65,82,71,NA,24,NA,NA,27,50,NA,NA,15,NA,NA,86,11,NA,NA,NA,13,9,0,9,71,18,5,61,28,NA,NA,5,77,NA,NA,NA,29,71,NA,61,NA,25,NA,20,75,41,63,5,89,27,43,NA,NA,61,67,25,NA,67,48,41,2,99,1,8,NA,3,NA,2,7,NA,62,75,73,NA,2,26,NA,15,66,1,2,100,0.5,80,24,100,12,21,61,41,0,47,27,15,27,2,34,45,48,37,25,23,14,NA,NA,30,98,55,NA,87,6,NA,68,72,83,30,NA,19,61,82,67,3,17,71,34,9,58,NA,56,94,0.5,74,5,38,29,NA,NA,55,100,19,18,NA,15,55
12,2009,NA,21,1,82,22,17,24,9,38,41,39,22,54,57,60,16,NA,42,62,92,82,NA,21,NA,NA,45,54,NA,NA,17,NA,NA,87,11,NA,NA,NA,39,12,25,9,70,23,5,70,26,NA,NA,6,71,NA,NA,3,46,72,NA,65,NA,23,NA,22,74,43,68,5,75,31,18,NA,0.5,63,79,33,NA,77,52,36,2,100,2,6,NA,4,NA,3,21,NA,57,81,78,NA,3,27,NA,17,63,1,2,90,2,82,28,97,27,22,68,38,5,53,20,5,21,3,33,89,52,37,30,29,25,NA,NA,36,100,62,NA,90,6,NA,66,73,74,28,NA,31,59,78,69,3,11,94,51,10,63,NA,24,100,7,89,16,44,71,NA,NA,62,83,15,17,NA,19,67
1,2010,NA,24,2,100,22,33,15,14,47,45,38,26,63,50,58,17,NA,34,60,87,84,NA,36,NA,NA,26,56,NA,NA,17,NA,NA,87,22,NA,NA,NA,21,12,11,13,64,21,5,76,40,NA,NA,6,57,NA,NA,3,27,69,NA,69,NA,27,NA,21,68,39,66,5,78,34,31,NA,0.5,55,67,27,NA,84,54,32,2,93,1,8,NA,5,NA,4,26,NA,55,84,73,NA,3,31,NA,16,66,2,3,97,6,88,27,93,14,23,63,35,0,63,26,9,19,3,34,27,50,32,23,36,19,NA,NA,33,96,48,NA,97,4,NA,67,65,76,28,NA,37,51,74,65,3,18,100,56,9,66,NA,34,92,43,83,7,40,32,NA,NA,62,76,10,14,NA,16,75
2,2010,NA,23,2,91,27,22,16,15,58,39,50,32,69,49,58,17,NA,48,55,91,80,NA,26,NA,NA,44,58,NA,NA,18,NA,NA,85,29,NA,NA,NA,16,14,12,16,63,47,4,81,15,NA,NA,8,48,NA,NA,3,27,67,NA,77,NA,30,NA,22,64,36,63,4,78,35,61,NA,0.5,50,65,33,NA,100,47,28,2,83,2,9,NA,6,NA,4,40,NA,51,80,76,NA,4,33,NA,16,78,1,4,95,14,85,29,91,35,19,71,36,5,57,23,29,20,2,32,28,52,30,31,22,24,NA,100,39,96,57,NA,100,6,NA,69,65,62,23,NA,48,45,64,62,3,12,87,56,14,73,NA,40,69,96,84,5,40,49,NA,NA,65,73,11,13,NA,14,70
3,2010,NA,22,3,78,25,27,6,18,31,37,50,31,83,32,58,17,NA,39,48,94,89,NA,31,NA,NA,41,58,NA,NA,17,NA,NA,86,39,NA,NA,NA,25,13,32,18,60,71,5,78,27,NA,NA,7,44,NA,NA,5,19,65,NA,64,1,31,NA,22,66,34,58,5,88,31,59,NA,0.5,51,69,37,NA,83,42,31,2,80,3,10,NA,8,NA,5,18,NA,50,79,79,NA,4,34,NA,17,84,2,3,98,10,93,30,94,31,21,62,34,0,65,22,17,17,3,33,13,52,30,24,15,9,NA,11,31,100,50,NA,97,4,NA,70,62,61,20,NA,39,41,64,66,3,14,87,56,12,62,NA,24,62,100,82,2,42,58,NA,NA,67,69,11,17,NA,12,100
4,2010,NA,23,2,79,24,40,19,25,25,34,54,35,86,44,66,17,NA,45,46,100,83,NA,23,NA,NA,29,62,NA,NA,21,NA,NA,83,49,NA,NA,NA,50,14,22,21,62,67,8,80,24,NA,NA,5,35,NA,NA,6,31,62,NA,48,3,30,NA,23,65,33,54,4,89,31,43,NA,0.5,51,73,37,NA,82,45,37,2,69,4,11,NA,8,NA,6,32,NA,52,76,84,NA,5,36,NA,16,84,2,4,98,11,86,33,84,5,17,47,33,5,73,20,14,19,2,37,27,49,28,21,16,29,NA,8,27,91,48,NA,96,4,NA,67,69,60,29,NA,16,38,52,70,2,21,76,50,15,54,NA,47,59,90,87,10,42,55,NA,NA,78,66,12,15,NA,10,91
5,2010,NA,22,2,73,22,44,19,21,28,34,55,31,76,49,61,19,NA,47,38,94,87,NA,26,NA,NA,35,60,NA,NA,20,NA,NA,84,50,NA,NA,NA,81,14,55,16,57,60,7,74,30,NA,NA,5,30,NA,NA,16,21,62,NA,50,0,32,NA,22,65,30,53,4,81,31,34,NA,0.5,52,77,41,NA,79,42,22,2,70,2,13,NA,11,NA,7,31,NA,47,77,85,NA,6,41,NA,15,76,2,6,92,13,84,31,96,16,22,46,27,10,67,19,9,18,1,32,13,53,27,25,31,19,NA,6,28,91,46,NA,97,3,13,68,55,51,39,NA,8,34,45,66,2,9,69,52,15,54,NA,31,38,96,82,9,43,49,NA,NA,80,64,8,15,NA,13,69
6,2010,NA,24,3,87,26,59,18,27,23,34,63,40,75,52,77,19,NA,49,36,92,91,NA,22,NA,NA,26,65,NA,NA,23,NA,NA,89,56,NA,NA,NA,84,14,35,24,59,71,7,74,24,NA,NA,6,26,NA,NA,15,8,53,NA,60,1,35,NA,23,68,26,52,4,76,31,42,NA,0.5,40,81,26,1,71,43,29,2,78,3,15,NA,16,NA,7,19,NA,45,71,85,NA,7,41,NA,15,76,2,7,83,10,81,34,98,14,15,45,23,5,55,16,0,14,1,30,0,52,25,25,16,13,NA,6,25,90,43,NA,99,5,3,69,60,51,38,NA,11,31,40,68,2,8,86,58,20,53,NA,36,24,90,88,10,43,42,6,NA,90,61,12,14,NA,14,85
7,2010,NA,30,2,82,24,56,10,30,20,42,72,92,75,47,90,24,NA,49,29,93,100,NA,29,NA,NA,35,66,NA,NA,22,NA,NA,88,71,NA,NA,NA,19,17,11,37,55,71,8,81,29,NA,NA,6,23,NA,NA,13,11,51,NA,65,0,34,NA,100,68,29,43,4,65,32,39,NA,0.5,36,75,33,2,75,43,25,3,82,4,16,NA,22,NA,9,72,NA,45,72,92,NA,8,48,NA,17,72,4,10,76,11,80,41,80,21,15,48,20,0,91,14,9,16,1,33,13,55,23,21,10,28,NA,4,20,84,97,NA,96,5,13,82,65,50,39,NA,7,28,36,78,2,12,77,75,28,72,NA,33,23,81,100,2,41,36,11,NA,94,66,10,13,NA,19,67
8,2010,NA,26,2,75,25,46,18,30,16,33,77,100,100,53,87,23,NA,46,25,92,100,NA,32,NA,NA,34,69,NA,NA,24,NA,NA,80,83,NA,NA,NA,21,18,82,35,50,75,8,78,32,NA,NA,8,20,NA,NA,11,18,51,NA,57,1,35,NA,98,69,24,43,4,52,32,31,NA,0.5,31,80,50,2,68,43,24,3,70,2,17,NA,25,NA,10,35,NA,41,65,97,NA,9,48,NA,17,67,5,10,76,15,83,41,70,18,22,46,17,0,100,15,12,13,1,39,0,45,20,22,19,41,NA,5,16,90,76,NA,84,5,24,77,52,45,32,NA,7,27,32,73,2,16,84,86,40,73,NA,17,21,71,83,4,39,85,18,NA,89,65,9,10,NA,14,62
9,2010,NA,26,3,96,24,38,15,32,17,51,83,80,81,49,71,20,NA,41,25,91,89,NA,48,NA,NA,30,73,NA,NA,23,NA,NA,82,72,NA,NA,NA,41,17,49,35,45,94,7,68,25,NA,NA,9,17,NA,NA,12,17,50,NA,60,1,38,NA,99,59,21,40,4,48,36,38,NA,0.5,36,80,38,2,61,53,28,4,66,2,19,NA,24,NA,10,11,NA,37,64,98,NA,9,48,NA,18,87,4,12,82,18,88,38,85,12,18,35,13,0,88,15,8,15,3,29,47,56,17,21,5,22,NA,4,19,92,57,100,79,3,30,74,36,39,45,NA,12,24,28,69,2,5,66,70,36,72,NA,19,21,64,72,6,42,40,26,NA,71,57,10,11,NA,12,59
10,2010,NA,27,4,71,22,52,7,32,16,39,77,84,77,52,64,21,NA,42,22,92,85,NA,20,NA,NA,20,70,NA,NA,28,NA,NA,80,71,NA,NA,NA,51,17,56,37,43,100,7,68,14,NA,3,11,15,NA,NA,13,21,48,NA,46,0,39,NA,95,57,18,39,3,38,39,37,NA,0.5,33,79,42,2,55,55,20,4,63,4,20,NA,28,NA,12,91,NA,38,66,100,NA,10,45,0,20,88,4,13,87,25,86,38,73,11,18,39,10,4,91,16,4,12,1,28,11,53,17,20,13,21,NA,3,11,96,62,35,83,6,67,80,36,42,78,NA,13,22,23,61,2,15,72,74,44,79,NA,29,17,73,73,4,44,46,26,NA,72,72,16,9,NA,12,63
11,2010,NA,27,7,77,20,57,12,37,15,36,70,87,65,44,66,22,NA,34,19,90,72,NA,22,NA,NA,20,72,NA,NA,26,NA,NA,80,73,NA,NA,NA,58,17,28,35,39,90,9,67,19,NA,3,21,12,NA,NA,18,18,49,NA,49,1,40,NA,87,54,15,38,2,35,40,26,NA,0.5,39,80,34,3,60,61,21,4,57,3,24,NA,36,NA,14,31,NA,31,64,97,NA,14,44,8,20,86,4,16,86,29,89,35,81,7,14,30,9,0,49,15,4,14,2,20,22,57,15,21,21,18,NA,8,13,96,63,25,80,4,67,78,35,38,89,NA,5,20,25,58,1,9,60,78,32,71,NA,18,15,80,93,16,54,100,32,NA,78,65,10,9,NA,15,58
12,2010,NA,31,9,82,17,49,5,39,13,37,70,96,73,49,59,22,NA,33,19,98,80,NA,11,NA,NA,25,75,NA,NA,27,NA,NA,76,73,NA,NA,NA,61,20,46,40,36,91,8,65,21,0,3,11,9,NA,NA,31,26,48,NA,43,3,37,NA,87,54,12,38,2,28,44,34,NA,0.5,41,76,41,5,37,58,25,5,53,2,22,NA,37,NA,15,52,NA,31,63,97,NA,17,45,7,21,79,5,20,80,46,74,37,86,9,18,40,8,0,58,22,8,11,1,28,11,59,14,24,17,13,NA,3,14,99,75,21,77,6,69,70,39,38,83,NA,6,19,17,61,2,12,85,76,39,72,NA,8,15,84,97,4,57,77,33,NA,83,61,6,8,NA,14,68
1,2011,NA,27,11,73,20,37,13,51,14,37,70,99,79,42,70,27,NA,34,17,91,74,NA,16,NA,NA,30,76,NA,NA,31,NA,NA,83,76,NA,NA,NA,47,22,51,42,33,79,8,83,18,1,3,15,8,NA,1,24,15,50,NA,58,1,47,NA,80,49,10,36,2,28,49,24,NA,0.5,34,68,38,19,35,68,24,5,48,3,27,NA,36,NA,17,43,NA,27,62,95,NA,19,50,8,23,85,5,22,87,44,88,41,89,10,25,26,7,0,48,14,10,13,0.5,14,20,61,13,18,4,10,NA,3,14,97,66,13,70,4,87,83,36,38,82,NA,8,18,6,58,1,8,71,86,42,83,NA,21,14,93,97,9,60,35,40,NA,80,62,6,6,NA,13,8
2,2011,NA,25,15,56,23,45,14,61,11,38,67,92,85,50,65,26,NA,54,14,82,72,NA,17,NA,NA,23,79,NA,NA,29,0,3,77,92,NA,NA,NA,100,23,18,40,28,72,7,74,17,0,3,13,7,NA,1,19,20,44,NA,55,5,49,NA,71,50,9,35,2,30,52,39,NA,0.5,35,69,43,9,33,62,24,6,45,4,28,NA,44,NA,18,92,NA,24,60,96,NA,20,56,15,25,97,6,25,91,51,94,45,88,4,18,26,6,0,47,14,0,14,1,12,21,67,11,19,4,20,NA,2,11,95,71,12,59,6,81,81,35,32,63,NA,4,16,2,56,1,11,64,79,46,72,2,10,13,95,82,11,70,51,37,NA,76,56,10,6,NA,16,3
3,2011,NA,25,17,64,20,37,14,68,8,34,63,86,71,37,63,29,NA,39,13,87,77,3,12,NA,NA,30,78,NA,NA,29,23,1,77,97,NA,NA,NA,92,23,40,49,24,66,9,68,12,1,3,16,6,NA,1,19,25,43,NA,43,1,53,NA,61,55,8,31,3,28,51,35,NA,1,29,67,43,7,29,55,17,5,45,5,30,NA,52,NA,20,54,NA,21,56,91,NA,23,61,14,24,100,6,27,87,55,100,44,85,8,13,23,4,0,63,16,6,11,1,15,38,66,10,19,7,14,NA,3,9,87,62,10,61,4,92,75,32,28,45,NA,11,16,2,54,1,8,62,87,37,79,2,18,12,91,81,15,74,62,37,NA,76,48,9,6,NA,11,7
4,2011,NA,23,20,61,19,62,8,71,11,43,63,97,96,45,71,30,NA,37,13,93,80,9,35,NA,NA,24,78,NA,NA,31,24,5,78,90,NA,NA,NA,67,26,17,41,22,70,9,80,14,0,3,16,7,NA,2,20,30,43,NA,39,1,51,NA,56,53,7,29,2,22,50,34,NA,1,30,65,51,7,30,55,18,6,47,5,35,NA,58,NA,22,77,NA,19,56,99,NA,28,60,20,25,86,8,32,85,64,92,46,76,23,14,28,4,0,64,13,7,11,0.5,16,10,61,11,19,8,12,NA,3,8,85,47,8,49,7,100,77,34,31,69,NA,4,16,1,56,1,7,63,84,34,73,4,19,12,86,76,7,89,44,61,NA,87,44,5,5,NA,13,8
5,2011,NA,25,20,64,19,59,11,70,10,44,57,80,74,42,72,28,NA,35,13,71,75,6,19,NA,NA,23,73,NA,NA,30,0,9,75,81,NA,NA,NA,100,26,48,44,19,62,11,73,27,0,3,14,5,NA,3,21,31,42,NA,39,3,58,NA,52,54,6,25,2,23,45,39,NA,2,28,65,43,6,28,51,19,6,47,5,33,NA,63,NA,24,45,NA,18,55,78,NA,31,65,26,23,85,8,34,88,65,90,47,77,10,16,22,4,0,54,15,7,10,0.5,13,19,63,9,15,19,12,NA,3,7,83,54,6,45,4,87,78,29,30,69,NA,2,14,2,56,1,5,48,80,37,57,2,11,10,66,74,9,88,62,63,NA,79,41,3,7,NA,9,9
6,2011,NA,25,18,59,19,61,3,78,11,43,57,83,74,43,81,33,NA,35,11,76,74,5,20,NA,NA,24,77,NA,NA,31,12,8,76,81,NA,NA,NA,54,28,49,48,17,78,12,80,16,0,3,16,5,NA,4,25,11,39,NA,34,7,59,NA,49,54,5,24,2,22,44,19,NA,2,25,64,38,5,29,59,16,7,42,4,32,NA,71,NA,25,60,NA,16,56,64,NA,34,67,13,25,79,7,40,82,70,93,51,73,12,14,27,3,0,52,10,0,8,0.5,17,20,68,9,18,15,9,9,3,7,78,53,8,47,4,69,79,33,32,55,NA,5,15,1,59,1,9,46,78,30,51,3,11,10,57,68,7,79,30,67,NA,88,39,4,5,NA,12,9
7,2011,NA,24,17,81,21,52,5,80,12,41,60,68,62,46,94,35,NA,40,12,77,74,4,33,NA,NA,25,82,NA,NA,34,47,12,75,96,NA,NA,NA,32,31,49,49,16,81,12,100,19,1,3,17,5,NA,3,28,18,41,NA,33,6,59,NA,54,56,5,24,2,20,48,26,NA,4,20,67,46,6,33,54,16,8,42,5,37,NA,84,NA,27,60,NA,14,57,65,NA,39,75,21,27,78,8,43,78,72,86,54,74,12,12,27,3,0,65,9,10,11,0.5,13,20,67,9,15,23,9,100,6,6,76,34,8,47,4,60,99,41,31,64,NA,2,15,1,65,1,9,43,73,33,55,3,21,10,50,68,11,90,45,82,NA,100,39,3,6,NA,12,5
8,2011,NA,23,21,67,19,77,7,93,12,41,66,74,78,52,95,37,NA,44,10,79,78,5,30,NA,NA,14,81,NA,NA,34,55,100,75,100,NA,NA,NA,43,32,31,61,13,64,17,84,23,2,3,18,5,NA,7,29,37,38,NA,36,4,63,NA,51,51,5,22,2,17,51,40,NA,7,20,68,59,5,38,57,21,9,42,5,36,NA,93,NA,28,67,NA,13,62,66,NA,43,76,18,28,71,8,50,79,74,88,55,70,11,13,32,3,0,56,10,3,8,0.5,15,0,69,8,12,18,11,38,3,6,77,45,7,43,3,77,100,35,30,80,NA,2,14,1,58,1,4,40,73,25,73,2,0,8,44,60,12,93,46,78,NA,82,36,3,4,NA,13,8
9,2011,NA,22,25,73,21,91,7,100,9,41,59,61,72,42,86,38,NA,31,9,78,73,5,31,NA,NA,18,82,NA,NA,32,32,48,73,87,NA,NA,NA,49,34,23,59,11,59,14,78,21,3,3,19,4,NA,9,24,27,35,NA,44,12,68,NA,53,52,4,19,2,18,53,35,NA,12,19,57,43,4,35,59,13,11,39,7,36,NA,87,0,30,55,NA,10,57,58,NA,41,73,30,31,93,9,51,82,60,93,50,83,15,10,33,2,0,59,13,3,7,1,11,0,85,8,12,18,9,39,2,5,76,49,6,40,3,67,97,24,27,96,NA,4,13,2,78,1,9,44,80,28,74,3,4,8,37,58,15,91,41,100,NA,59,34,2,5,NA,12,8
10,2011,NA,21,33,62,19,69,8,97,8,44,52,59,59,51,68,38,NA,36,10,80,72,5,24,NA,NA,22,80,NA,NA,34,51,93,70,76,NA,NA,NA,41,31,50,60,9,55,18,70,15,2,3,23,3,NA,7,31,48,36,2,52,12,66,NA,53,47,4,19,2,16,56,27,NA,20,22,57,49,5,32,69,11,12,35,5,37,NA,88,0,32,20,NA,9,57,57,NA,44,76,28,36,91,9,56,84,59,95,51,75,21,10,23,2,0,56,13,3,6,1,14,9,89,8,10,20,10,20,7,3,70,42,5,31,8,42,93,24,27,100,NA,3,12,1,93,1,23,44,72,26,69,4,6,8,28,58,8,97,24,84,NA,61,29,3,4,NA,11,4
11,2011,NA,26,40,68,20,91,1,85,9,49,53,55,70,51,64,37,NA,43,9,79,74,5,27,NA,NA,13,80,NA,NA,33,41,56,70,81,NA,NA,0,32,35,29,51,8,53,15,67,18,1,3,24,3,NA,8,50,48,33,2,44,19,67,NA,55,43,3,17,2,17,57,34,NA,35,20,52,48,4,30,74,15,13,33,6,36,NA,82,0.5,32,93,NA,8,56,52,NA,48,74,7,37,91,9,62,83,60,86,48,71,14,13,28,2,0,49,9,9,6,0,18,0,97,7,9,3,4,14,5,2,65,48,9,25,2,55,86,28,25,83,NA,4,12,2,80,1,94,39,67,28,50,5,6,8,24,55,11,100,30,91,NA,60,24,3,5,NA,8,3
12,2011,NA,27,46,67,16,57,5,80,9,53,52,72,79,56,62,36,NA,28,8,88,72,4,50,NA,NA,15,79,NA,NA,32,71,47,66,75,NA,NA,0,39,36,35,62,7,59,18,73,15,10,4,20,3,NA,11,75,47,34,3,31,18,60,NA,57,44,3,16,2,14,64,30,NA,52,17,51,54,4,29,80,12,14,32,7,38,NA,76,0.5,36,56,NA,7,57,49,NA,54,75,20,40,78,11,73,76,70,84,49,63,2,13,21,2,0,49,8,0,6,1,11,8,100,7,10,17,16,11,2,4,64,42,6,27,3,61,87,29,24,86,NA,4,11,1,74,1,91,36,71,31,57,4,2,6,21,62,8,98,29,82,NA,72,26,2,5,NA,9,3
1,2012,NA,26,45,66,14,52,4,90,6,57,83,65,85,56,70,49,NA,47,8,85,74,6,54,NA,NA,14,80,1,NA,35,19,99,66,79,NA,NA,31,22,41,33,62,6,50,20,70,11,5,4,22,2,NA,10,52,35,33,3,51,30,71,NA,57,41,3,15,2,16,70,26,NA,74,15,47,59,5,30,78,14,16,29,10,44,NA,79,0.5,37,71,NA,6,57,42,NA,58,79,22,42,97,11,79,83,59,89,52,65,6,14,23,2,6,43,10,0,6,1,18,8,98,6,8,6,11,10,1,2,59,48,5,30,2,41,95,27,22,75,NA,10,11,2,67,1,38,40,72,22,50,4,15,8,19,56,4,84,22,87,NA,68,26,1,3,NA,9,4
2,2012,NA,27,51,62,14,46,3,95,9,55,100,77,69,52,64,54,NA,36,7,78,80,8,52,NA,NA,16,81,19,NA,35,29,69,67,81,NA,NA,100,25,43,68,52,5,43,31,71,9,6,5,22,2,NA,11,37,52,33,6,41,35,77,NA,55,38,3,14,1,15,68,51,NA,100,17,46,70,4,31,75,11,16,30,11,44,NA,83,0.5,41,61,NA,5,55,32,NA,60,80,22,42,96,12,87,77,58,90,55,66,3,8,24,2,0,45,9,6,4,1,21,0,96,5,9,9,16,8,1,3,53,34,4,28,1,40,90,27,26,87,NA,14,10,1,64,1,100,34,70,18,55,4,15,7,17,53,6,75,19,79,NA,65,23,2,3,NA,12,1
3,2012,NA,26,51,62,14,77,2,92,6,55,95,69,91,47,66,59,NA,31,7,82,76,3,39,NA,NA,18,81,100,NA,33,100,56,62,84,NA,NA,70,33,42,38,50,4,46,37,66,20,21,6,25,2,7,13,38,40,29,3,36,34,71,NA,51,37,3,12,1,14,70,30,NA,89,17,45,59,4,31,75,12,16,30,8,45,NA,85,0.5,43,82,NA,4,55,28,NA,62,80,22,42,95,13,81,76,64,90,57,64,8,8,24,1,0,41,9,0,3,1,26,8,96,4,10,9,15,8,1,2,45,32,7,27,3,43,96,23,20,72,NA,14,9,1,76,1,47,33,100,25,61,3,12,5,15,53,12,70,28,97,NA,66,21,2,3,NA,7,4
4,2012,NA,24,48,73,13,79,1,83,7,61,91,68,80,64,73,54,NA,35,7,79,85,6,48,NA,NA,14,79,82,NA,38,9,68,64,86,NA,NA,48,21,48,46,51,3,38,49,70,7,15,11,36,2,1,13,36,53,28,6,38,34,68,NA,54,38,2,11,1,14,67,26,NA,79,14,42,68,5,32,62,12,17,29,12,48,NA,88,0.5,43,78,NA,4,54,26,NA,70,83,24,40,89,14,86,72,77,84,56,64,3,7,23,1,0,43,8,5,5,1,57,8,92,4,8,6,13,8,1,2,43,42,5,24,2,58,82,26,22,76,NA,3,8,1,55,1,37,31,62,29,42,4,9,6,14,53,6,67,17,100,NA,67,20,1,3,NA,11,3
5,2012,NA,23,54,55,12,100,4,85,7,56,83,57,68,65,77,62,NA,35,6,70,92,9,54,NA,NA,14,78,33,NA,40,9,61,60,70,NA,NA,55,26,49,44,56,3,32,61,71,34,22,9,36,2,9,16,37,49,28,4,35,30,70,NA,51,37,2,10,1,13,61,30,NA,71,16,48,65,5,32,63,14,16,29,10,48,NA,88,0.5,46,67,NA,3,52,23,NA,72,86,22,40,82,16,83,70,67,94,58,62,6,9,26,1,0,29,5,8,3,2,52,7,89,3,8,6,11,7,1,2,35,35,4,22,2,47,83,24,21,61,NA,5,7,1,47,0.5,33,27,55,40,43,4,7,5,13,54,9,60,32,88,NA,65,18,2,3,NA,7,3
6,2012,17,23,47,60,12,91,7,79,5,56,98,53,73,65,85,59,NA,37,6,72,97,13,44,4,NA,22,81,27,NA,40,18,55,57,80,NA,NA,37,8,54,13,60,3,28,51,72,26,12,10,31,2,8,18,41,20,28,7,30,37,80,NA,47,34,2,10,1,14,60,27,NA,75,12,45,61,5,38,68,14,17,29,11,50,NA,100,0.5,44,77,NA,3,53,22,NA,76,88,22,40,86,19,87,67,88,93,63,63,5,7,28,1,0,28,6,5,3,0.5,70,0,90,3,10,6,4,8,0.5,2,33,34,6,21,2,32,76,31,21,66,NA,6,7,1,39,1,38,24,40,50,40,4,9,5,13,53,8,56,49,72,NA,81,21,1,2,NA,10,2
7,2012,11,24,45,56,14,67,4,89,7,50,88,54,78,70,100,70,NA,33,7,71,96,13,43,4,NA,19,82,22,NA,48,45,53,59,71,NA,NA,22,8,61,38,80,3,27,77,82,23,20,11,35,2,7,20,68,25,27,7,36,43,71,NA,51,36,2,10,1,14,63,23,NA,80,6,44,74,5,36,72,16,18,28,13,54,NA,100,0.5,46,32,NA,3,52,20,NA,83,90,27,42,78,19,83,66,95,85,68,56,2,7,25,1,0,30,5,0,3,0.5,77,0,83,3,7,9,5,7,0.5,4,29,39,6,20,2,32,74,33,23,81,NA,6,6,1,34,0.5,24,22,43,48,43,5,14,5,14,51,8,54,24,73,NA,89,19,0.5,2,NA,7,4
8,2012,5,23,48,61,14,84,8,90,5,61,85,50,79,68,99,64,NA,35,6,72,89,16,49,3,NA,14,79,17,NA,47,36,55,58,75,NA,NA,30,7,62,38,71,3,26,64,77,26,13,11,38,2,8,30,49,49,25,6,41,38,70,NA,47,31,2,9,1,13,65,25,NA,82,7,40,87,5,29,67,12,20,23,12,57,NA,89,0.5,47,75,NA,2,51,17,NA,84,91,29,44,60,19,83,66,93,88,68,49,9,5,19,1,0,33,6,10,4,0,68,8,94,3,7,3,13,7,0.5,2,26,33,3,19,2,22,81,27,20,69,NA,5,6,1,28,0.5,20,26,38,40,43,5,4,5,12,52,9,55,29,71,NA,83,18,1,2,NA,9,2
9,2012,16,22,55,56,12,77,0,78,5,52,87,47,68,63,85,63,NA,26,5,69,69,9,46,4,NA,16,79,15,NA,47,35,56,55,64,NA,NA,22,15,61,25,67,3,29,69,66,12,8,11,38,1,9,29,48,63,24,6,28,60,72,NA,46,30,2,9,1,12,65,30,NA,82,7,38,71,5,9,73,10,20,17,13,60,NA,56,1,51,67,NA,2,49,16,NA,75,87,27,47,76,19,80,68,74,94,63,50,8,7,7,1,0,25,7,5,3,0.5,69,0,94,3,9,3,9,7,0.5,1,23,29,14,17,2,26,73,17,19,67,NA,5,6,1,22,0.5,15,25,45,43,47,6,5,5,10,46,8,54,27,72,NA,60,15,1,1,NA,9,1
10,2012,5,23,60,57,12,93,0,78,5,77,78,50,64,68,81,63,8,40,6,86,62,6,40,4,NA,20,94,24,NA,55,8,48,55,66,NA,NA,24,6,59,11,55,3,24,82,60,23,15,12,46,1,7,29,54,67,23,4,36,61,80,NA,58,33,2,9,1,10,84,25,NA,89,9,38,100,5,8,84,13,23,15,12,61,NA,55,1,52,67,NA,2,56,14,NA,81,92,25,58,81,19,82,66,72,95,56,64,6,6,6,1,0,25,6,5,3,0.5,71,7,84,2,7,13,13,6,0.5,1,23,41,3,16,1,13,75,17,16,54,NA,5,7,1,20,0.5,15,21,44,31,34,14,5,4,9,44,12,58,26,66,NA,60,12,1,1,NA,11,3
11,2012,25,23,70,57,11,91,2,70,4,61,72,37,60,67,74,60,8,35,5,89,58,7,33,6,NA,13,98,18,NA,61,8,41,53,62,NA,NA,19,19,60,58,55,3,21,77,63,22,24,13,41,1,9,31,63,67,22,3,28,70,80,NA,59,33,2,9,1,9,90,26,NA,95,7,39,76,5,7,94,13,22,13,14,65,NA,52,4,53,59,NA,2,56,12,NA,88,96,27,65,79,23,90,64,79,91,54,63,3,4,5,1,0,32,5,5,2,0,79,14,97,2,5,0,8,6,0.5,1,22,46,2,16,2,12,69,17,15,41,NA,4,6,2,17,0.5,10,22,40,41,35,28,5,5,9,42,9,56,19,51,NA,65,12,1,1,NA,9,2
12,2012,10,25,74,55,11,57,0,62,5,61,74,45,48,84,71,57,25,31,5,90,61,9,36,5,NA,15,100,20,NA,64,8,41,51,68,NA,NA,23,7,67,11,62,2,20,66,66,13,22,16,41,1,4,41,100,68,22,9,29,77,68,NA,63,29,2,9,1,9,97,20,NA,92,6,42,70,5,7,94,16,23,13,13,72,NA,50,7,57,100,NA,2,56,12,NA,96,100,29,68,68,25,100,61,100,79,56,61,8,8,6,1,0,12,5,7,2,0,81,0,97,2,5,5,5,6,0.5,1,21,44,2,15,1,19,66,20,17,46,NA,6,6,1,15,0.5,13,20,28,34,44,100,3,3,9,45,6,52,21,45,NA,69,13,1,1,NA,10,2
1,2013,23,25,66,53,12,56,1,75,4,70,81,41,45,80,81,75,23,26,5,91,57,6,43,9,NA,14,98,17,NA,69,0,77,50,71,NA,NA,16,8,74,37,64,2,21,66,69,17,21,16,43,1,9,40,67,66,23,13,30,73,85,NA,63,26,2,9,1,10,100,23,NA,92,6,37,85,6,7,100,16,25,12,15,75,NA,50,6,58,56,NA,2,52,11,NA,92,97,33,71,78,26,95,60,90,86,60,59,3,4,6,1,2,19,6,2,1,0.5,79,0,93,2,5,7,7,6,0.5,1,18,40,2,14,1,9,75,17,13,37,NA,7,6,1,13,0.5,8,17,30,31,37,41,4,5,8,39,6,49,22,48,15,62,13,1,1,NA,7,1
2,2013,44,23,77,50,16,51,5,75,4,61,83,36,44,86,73,74,0,21,4,85,55,12,34,10,NA,10,95,30,9,65,8,48,46,69,NA,NA,25,12,75,28,58,2,20,64,65,17,13,17,54,1,4,42,50,67,21,13,32,100,91,NA,58,24,2,8,1,9,99,19,NA,91,4,39,74,5,8,90,11,23,12,21,79,NA,45,4,62,45,NA,1,50,10,NA,87,93,24,67,77,26,95,62,81,88,60,58,1,7,5,1,0,10,5,2,2,0.5,81,0,99,2,4,8,6,6,0.5,0.5,16,39,1,12,1,5,75,16,13,44,NA,8,5,1,11,0.5,14,23,43,45,32,27,5,3,7,37,5,43,15,63,17,57,11,1,0.5,NA,6,1
3,2013,31,23,78,46,13,69,3,65,3,61,78,38,40,75,78,91,15,21,4,84,58,9,31,10,NA,12,94,24,16,64,0,57,45,69,NA,NA,26,5,81,5,56,2,20,69,71,16,15,19,50,1,5,42,45,47,20,9,39,96,89,NA,57,24,1,8,1,8,94,26,NA,89,4,35,82,5,8,87,13,24,11,18,81,NA,47,6,67,74,NA,1,48,9,NA,93,93,31,70,73,29,98,59,91,83,64,59,4,7,4,1,0,9,6,4,2,0,81,0,91,2,5,2,3,7,0.5,1,14,33,1,11,2,11,69,15,14,34,NA,6,5,0.5,10,0.5,7,18,28,38,34,52,6,4,6,28,7,43,21,63,15,56,9,0.5,1,NA,7,2
4,2013,23,25,92,45,11,83,2,58,4,63,75,32,47,85,75,80,8,24,4,89,62,19,37,11,NA,11,96,21,37,66,7,53,45,71,NA,NA,26,11,81,36,54,2,23,71,67,15,12,21,52,1,15,38,47,75,20,9,36,90,92,NA,59,21,1,7,1,8,95,27,NA,90,4,37,77,6,8,77,13,29,11,23,83,NA,47,9,71,38,NA,1,48,9,NA,93,94,37,68,68,32,92,61,96,86,61,53,3,5,2,1,0,8,4,6,1,0.5,78,12,84,2,5,2,10,7,0.5,1,12,37,1,9,1,6,71,14,10,28,NA,6,5,0.5,9,0.5,11,15,26,41,39,11,9,3,5,26,6,39,28,59,32,49,10,1,0.5,NA,7,1
5,2013,31,22,85,46,13,92,4,56,3,66,74,35,37,92,82,83,15,22,4,82,60,20,34,13,NA,14,97,20,41,68,0,47,52,69,NA,NA,20,12,80,30,52,2,17,82,72,18,20,22,65,0.5,10,42,49,49,19,9,31,74,92,NA,53,20,1,6,1,7,86,31,NA,79,4,37,75,6,8,74,14,28,10,24,87,NA,44,14,73,52,NA,1,45,9,NA,100,93,34,68,64,33,88,59,88,83,68,51,1,12,3,1,2,6,5,6,2,0,80,0,86,2,5,2,9,7,1,1,10,31,1,8,1,6,64,12,8,26,NA,10,4,1,8,0.5,9,14,13,79,25,11,4,3,3,22,7,40,31,50,45,49,9,0.5,0.5,NA,5,1
6,2013,55,21,83,36,7,90,3,55,4,58,67,35,40,98,80,85,23,27,4,79,60,14,40,18,NA,10,99,20,69,70,8,43,48,65,NA,NA,14,4,78,32,59,2,14,84,74,19,29,25,68,1,9,47,55,30,18,9,30,86,89,NA,53,19,1,6,0.5,6,86,21,NA,78,3,40,71,6,8,69,15,28,10,29,88,NA,42,17,72,41,NA,1,42,9,NA,97,100,33,65,63,34,87,51,95,77,69,41,0,5,3,1,0,7,4,2,2,0,80,0,94,2,5,2,8,7,0.5,1,9,29,1,8,1,7,58,14,6,26,NA,4,4,1,7,0.5,8,13,9,76,31,10,3,3,3,23,6,36,25,46,100,59,5,0.5,0.5,NA,7,2
7,2013,36,22,78,46,6,67,2,52,4,61,75,36,42,98,96,100,7,16,3,79,58,12,40,19,NA,9,98,27,44,75,7,33,45,65,NA,NA,15,20,81,31,57,2,16,88,74,5,22,27,61,0.5,14,44,53,22,17,13,27,89,91,NA,53,18,1,6,1,6,81,16,NA,83,3,37,73,7,9,73,23,29,9,29,89,NA,45,15,74,26,NA,1,42,9,NA,97,94,44,66,55,39,83,48,88,75,73,33,1,5,3,1,0,4,4,0,1,0.5,80,12,79,2,6,10,10,7,0.5,0.5,7,31,1,7,3,2,58,15,7,42,NA,5,4,1,7,0.5,8,11,5,39,30,9,4,3,4,23,6,33,21,47,74,70,5,0.5,0.5,NA,10,0.5
8,2013,35,21,83,34,6,71,2,57,7,62,73,30,35,100,86,88,22,24,3,77,60,18,39,20,NA,12,91,27,52,76,0,36,45,77,NA,NA,14,9,83,41,67,2,15,98,71,14,23,29,71,0.5,14,48,50,59,17,6,24,81,89,NA,50,17,1,5,1,6,85,14,NA,83,2,35,80,7,9,73,16,29,9,32,85,NA,43,15,78,43,NA,1,43,9,NA,96,92,47,69,43,40,83,49,74,75,75,41,0,4,5,1,0,5,3,0,1,0.5,88,6,66,2,5,0,4,8,0.5,0.5,7,20,1,6,1,6,47,13,6,34,NA,4,4,0.5,6,0.5,5,15,4,44,31,10,4,3,3,22,8,32,18,42,97,52,4,0.5,0.5,NA,6,1
9,2013,100,19,94,37,5,70,3,55,3,55,73,28,25,86,82,83,0,20,3,73,53,17,32,25,NA,7,91,30,100,71,7,30,46,72,NA,NA,9,1,80,25,61,2,13,89,58,12,23,27,65,0.5,9,40,49,72,17,10,25,86,93,NA,47,15,1,5,0.5,6,85,13,NA,83,3,31,74,7,8,80,13,29,8,35,81,NA,40,15,77,17,NA,1,39,8,NA,91,86,42,70,57,39,78,52,51,81,65,43,6,4,6,0.5,0,7,4,0,2,0,88,6,62,2,4,0,0,7,0.5,0.5,6,23,1,6,1,10,38,10,4,24,NA,6,3,1,5,0.5,5,9,5,49,29,8,3,3,3,18,7,32,17,46,90,36,3,1,0.5,NA,8,1
10,2013,57,19,94,40,6,78,3,52,3,50,62,28,32,80,70,81,0,16,2,68,58,16,25,30,NA,5,82,19,36,66,7,28,43,68,NA,NA,12,17,79,47,61,2,12,92,54,16,24,27,56,0.5,6,39,46,84,16,12,28,96,91,NA,43,13,1,4,0.5,6,85,20,NA,82,2,32,71,7,7,76,10,29,8,36,80,NA,40,16,78,26,NA,1,37,8,NA,88,81,34,70,60,39,77,50,46,75,64,41,5,5,3,1,0,3,4,0,1,0,100,6,53,1,4,2,8,8,0.5,0.5,5,19,1,5,0.5,3,30,9,4,22,NA,4,3,0.5,6,0.5,7,8,4,41,23,7,8,2,2,18,8,32,12,49,79,35,3,0,0.5,NA,5,2
11,2013,25,18,100,29,4,65,4,48,3,52,61,24,29,84,64,75,0,21,3,58,62,13,24,26,NA,6,83,18,49,69,0,25,40,69,NA,NA,14,10,79,5,53,2,13,88,58,17,18,26,67,0.5,4,33,56,78,16,11,25,94,85,NA,42,11,1,4,0.5,5,87,24,NA,82,2,32,66,7,7,86,10,30,7,40,86,NA,43,22,77,38,NA,1,36,7,NA,91,80,38,74,56,38,77,51,48,68,64,30,4,5,2,1,0,4,3,0,1,0.5,98,11,56,1,4,0,4,9,0.5,0.5,5,13,1,5,1,3,26,10,3,23,NA,3,3,0.5,6,0.5,6,11,5,51,22,7,4,2,2,17,11,34,21,47,84,44,3,0.5,0.5,NA,5,0
12,2013,33,19,95,28,4,52,0,46,2,46,63,22,25,94,62,70,21,19,2,64,66,15,27,28,NA,9,82,15,64,66,0,25,41,68,NA,NA,17,5,85,29,63,1,12,80,66,10,24,29,68,0.5,10,43,80,65,16,12,22,75,73,NA,44,11,1,5,0.5,4,92,20,NA,75,2,29,75,7,8,83,11,33,7,41,90,NA,46,27,78,38,NA,1,36,7,NA,93,79,44,78,49,43,85,47,52,61,63,32,2,4,3,0.5,0,3,3,0,1,0.5,91,0,58,1,5,4,7,8,0.5,0.5,3,14,0.5,5,1,2,23,12,3,15,NA,4,3,1,5,0.5,6,6,3,46,22,6,1,2,2,18,8,32,15,31,77,43,2,1,0.5,0.5,7,1
1,2014,62,19,91,37,5,47,2,54,2,40,65,24,27,88,68,88,7,24,3,58,63,12,27,37,NA,4,79,15,56,66,6,29,42,71,NA,NA,11,5,90,22,69,1,11,95,73,13,18,31,76,0.5,9,45,56,82,16,16,27,99,90,NA,40,10,1,4,0.5,4,90,19,NA,80,1,29,72,8,7,82,10,33,7,48,89,NA,41,32,81,55,NA,1,35,7,NA,88,77,47,80,60,42,83,48,45,62,67,29,3,4,3,0.5,0,3,3,0,1,0,85,11,58,1,4,2,3,9,0.5,0.5,2,20,1,4,0.5,2,28,10,3,15,NA,6,3,1,5,0.5,11,6,4,45,18,6,2,2,1,16,3,31,22,29,82,43,2,1,0.5,2,6,1
2,2014,25,17,97,27,4,41,1,45,3,43,61,22,34,84,64,82,28,21,2,54,58,13,33,42,NA,7,75,21,52,66,0,30,39,75,NA,NA,10,0,84,19,64,1,13,81,62,11,26,30,67,0.5,10,34,47,66,16,11,39,86,89,NA,38,9,1,4,0.5,4,90,25,NA,81,1,27,81,8,7,71,9,34,7,47,83,NA,39,25,84,33,NA,1,31,6,NA,85,73,51,76,61,42,76,46,39,63,69,28,2,3,2,0.5,0,1,4,2,1,0,79,12,57,1,4,5,3,8,0.5,0.5,2,15,1,4,2,10,21,10,2,10,NA,3,2,0.5,4,0.5,12,5,3,57,21,8,3,2,1,15,4,29,38,26,74,36,2,0.5,0.5,8,7,0.5
3,2014,27,17,95,32,3,59,2,42,2,39,60,17,27,78,64,97,19,13,3,53,64,22,29,40,2,7,77,10,52,67,0,21,39,70,NA,NA,7,5,85,39,68,1,14,92,63,11,19,32,64,0.5,9,42,43,53,15,15,28,82,88,NA,37,9,1,3,0.5,5,88,22,NA,81,1,27,66,8,6,66,11,36,7,47,94,NA,47,26,87,27,NA,1,30,7,NA,89,77,48,78,54,45,75,47,38,60,74,28,0,6,2,1,0,2,2,0,1,0,73,5,61,1,4,8,1,8,0.5,0.5,1,21,1,3,2,3,17,11,3,12,NA,4,2,0.5,4,0.5,10,4,3,63,25,7,2,2,1,15,3,28,19,19,75,38,2,0.5,0.5,24,7,1
4,2014,60,18,96,31,3,70,0,37,2,37,55,17,30,89,68,80,13,18,2,52,67,17,36,37,2,5,76,20,40,69,0,18,41,70,NA,0,7,6,87,18,63,1,12,100,64,7,26,34,62,0.5,10,43,45,100,14,16,21,69,89,NA,37,9,1,3,0.5,4,82,19,NA,78,1,26,68,8,7,62,13,37,7,50,97,NA,46,28,89,28,NA,1,29,6,NA,86,71,54,77,54,48,74,43,35,55,76,26,0,4,2,0.5,0,2,3,4,1,0.5,68,5,59,1,4,2,1,8,0.5,0.5,1,20,1,3,1,1,15,10,3,11,0,3,2,1,4,0.5,19,4,3,69,19,9,4,2,1,16,1,27,18,13,78,35,2,0.5,0.5,32,4,1
5,2014,59,18,90,25,4,49,2,37,2,38,55,17,28,82,65,83,0,15,2,53,62,24,29,39,2,9,77,15,37,64,0,19,39,68,59,1,6,9,90,23,62,1,9,90,59,15,35,35,61,0.5,11,42,41,63,13,15,27,58,85,NA,32,8,1,3,0.5,4,80,15,NA,79,1,26,71,9,6,55,11,37,6,52,89,NA,44,38,91,31,NA,0.5,28,6,NA,88,71,46,74,46,52,68,44,31,56,77,27,2,5,2,0.5,0,3,3,2,0.5,0,71,5,56,1,3,2,4,8,0.5,0,1,6,1,4,0.5,2,16,9,2,13,0,1,2,0.5,4,0.5,19,3,2,64,17,9,1,1,1,16,2,26,8,11,81,32,1,0,0.5,26,6,0.5
6,2014,36,19,82,30,3,59,0,38,2,39,51,18,22,78,72,74,30,17,2,53,35,15,26,36,2,4,78,16,28,66,0,21,38,71,33,1,9,1,90,20,70,1,10,91,68,16,45,38,59,0.5,19,49,42,29,13,14,21,74,90,NA,29,8,1,3,0.5,4,83,15,NA,78,1,25,60,9,2,50,11,37,4,53,100,NA,26,30,88,20,NA,0.5,27,6,NA,91,73,49,80,46,54,75,42,36,56,76,25,1,4,1,0.5,2,2,2,2,1,0,77,12,53,1,4,5,0,9,0.5,0.5,1,3,1,3,0,0,19,10,2,11,0,1,2,0.5,4,0.5,23,3,2,73,20,11,0,1,1,15,4,24,13,11,86,37,1,1,0.5,12,4,0
7,2014,64,21,75,27,3,51,1,43,4,35,47,15,18,88,77,95,72,15,2,52,32,17,32,41,2,4,73,16,19,65,0,23,37,68,89,1,6,4,95,29,79,1,9,95,78,18,25,39,58,0.5,17,69,46,33,13,12,23,63,91,NA,27,8,1,3,0.5,3,89,26,NA,79,0.5,29,66,11,2,57,13,40,3,52,100,NA,24,32,89,31,NA,0.5,26,6,NA,89,72,59,82,47,57,75,42,36,49,83,23,1,5,0.5,0.5,0,2,2,4,1,0,76,0,56,1,4,0,1,9,0.5,0.5,1,6,1,1,1,3,20,11,2,9,0,5,2,0.5,5,0.5,13,3,2,78,25,10,6,1,1,14,2,23,11,12,79,39,1,0.5,0.5,7,3,0.5
8,2014,57,21,78,26,2,64,1,34,3,30,48,17,21,87,78,78,7,16,3,56,31,27,24,44,2,9,74,20,30,74,0,21,37,58,100,8,6,1,98,15,76,1,10,93,67,8,30,40,62,0.5,18,84,46,81,12,13,21,72,88,NA,27,7,1,2,0.5,3,90,21,NA,81,1,28,72,10,2,60,10,42,2,58,94,NA,22,30,93,22,NA,0.5,26,5,NA,85,68,55,81,35,59,69,42,29,53,81,21,5,4,1,0.5,0,1,3,0,1,0,74,6,61,1,3,2,3,9,0.5,0.5,1,9,0.5,0.5,0.5,0,18,11,2,5,0,2,2,1,3,0.5,11,4,1,100,15,12,0,1,1,13,1,23,14,10,76,31,1,0.5,0.5,19,5,0
9,2014,50,100,86,27,3,51,0,32,3,32,48,16,17,72,62,72,77,16,2,52,31,40,26,47,100,3,75,13,33,69,0,20,38,44,71,1,6,2,94,24,71,1,9,86,54,14,39,39,68,0.5,25,81,40,69,11,15,26,77,94,NA,25,7,1,2,0.5,4,86,22,NA,86,1,22,63,10,2,67,10,60,3,63,88,NA,23,32,97,19,NA,0.5,24,6,NA,82,66,52,85,43,54,64,43,23,61,75,22,1,4,1,0.5,0,2,3,2,1,0,72,0,59,1,3,0,5,8,0.5,0.5,1,0.5,1,0.5,1,0,14,8,2,6,0,5,1,0.5,4,0.5,12,5,2,67,20,12,0,1,1,11,1,22,10,11,71,23,1,0.5,0.5,81,4,0
10,2014,47,37,90,23,2,58,1,27,3,25,42,15,10,70,57,69,66,10,2,50,35,33,26,47,75,3,69,10,17,66,0,18,35,34,55,4,6,1,85,27,70,1,7,84,53,8,31,37,63,0.5,20,70,36,70,11,13,29,72,96,NA,23,6,1,2,0.5,4,87,20,NA,90,1,19,59,10,2,75,9,45,3,66,88,NA,26,43,98,23,NA,0.5,23,5,NA,79,62,53,86,45,58,67,44,21,56,73,21,1,2,0.5,0.5,2,1,2,2,1,0.5,70,0,51,1,3,2,1,8,0.5,0.5,1,3,1,0.5,0.5,1,14,8,2,4,0,2,1,1,2,0.5,57,3,3,63,18,7,1,1,1,12,1,21,9,11,76,23,1,0.5,0.5,100,2,0.5
11,2014,40,26,94,25,2,47,1,31,3,26,41,17,20,68,62,63,48,8,2,51,36,25,29,44,23,3,68,15,10,64,0,15,35,33,40,2,12,1,87,23,68,1,7,75,56,6,21,38,69,0.5,24,83,40,73,11,15,23,71,88,NA,22,6,0.5,2,0.5,3,88,10,NA,89,0.5,19,72,11,1,75,8,44,2,65,80,NA,21,36,93,31,NA,0.5,21,5,NA,83,59,63,89,43,57,63,43,22,51,65,23,2,2,1,0.5,0,1,2,2,1,0,67,0,52,1,3,0,0,8,0.5,0.5,1,3,1,0.5,2,2,13,9,2,5,0,3,1,0.5,1,0.5,14,3,2,67,11,7,0,1,1,10,3,21,18,8,74,27,1,0,0.5,89,3,0
12,2014,28,24,81,22,2,37,2,25,3,25,35,16,13,70,57,59,33,12,2,51,31,27,26,40,11,4,67,13,25,67,0,16,31,31,48,17,8,2,91,32,68,1,8,76,63,7,31,41,69,0.5,36,81,52,71,11,19,19,70,81,NA,22,6,0.5,2,0.5,4,90,15,NA,80,1,19,58,12,1,72,8,44,2,64,83,NA,21,41,94,34,NA,0.5,20,5,NA,85,60,59,91,36,59,67,40,25,44,65,23,1,4,1,1,0,1,2,0,0.5,0,59,0,50,1,3,2,0,9,0.5,0.5,1,1,1,0.5,0.5,0,13,9,2,3,0,3,1,0.5,1,0.5,16,4,2,93,10,5,3,1,1,12,3,19,18,7,76,28,1,0,0.5,61,6,0
1,2015,52,23,67,27,2,21,3,30,3,24,36,14,10,64,58,72,12,17,2,48,31,26,23,57,9,5,61,9,25,66,0,21,32,28,41,92,6,3,100,25,77,1,6,76,61,6,27,41,59,0.5,36,81,39,60,10,28,16,90,91,NA,21,5,1,2,0.5,3,95,16,NA,80,0.5,17,65,13,1,74,11,45,2,69,76,NA,22,45,92,29,NA,0.5,20,4,NA,82,58,50,89,40,61,65,43,19,46,67,19,0,3,0.5,1,0,1,2,0,1,0,58,0,52,1,2,0,1,8,0.5,0.5,1,3,1,0.5,1,2,14,7,2,5,0,5,1,0.5,1,0.5,17,3,2,88,17,3,0,1,1,11,5,18,16,7,74,21,1,0.5,0.5,51,3,0
2,2015,80,22,71,23,3,35,0,26,4,21,40,16,11,61,62,74,14,14,2,47,27,36,23,57,7,4,63,10,17,65,0,16,30,26,33,100,5,1,89,23,72,1,7,73,57,13,30,40,56,0.5,21,83,32,55,10,21,21,82,99,NA,20,5,0.5,2,0.5,4,86,21,NA,83,1,17,58,14,1,67,8,44,2,81,69,NA,21,40,96,34,NA,0.5,18,4,NA,81,59,55,87,42,59,61,42,21,49,70,21,2,3,1,1,0,2,2,0,1,0,59,0,44,1,3,0,0,9,0.5,0.5,1,3,0.5,0.5,1,1,13,7,2,4,0,2,0.5,3,1,0.5,5,3,2,85,12,2,0,1,1,11,4,17,12,5,69,23,1,0,0.5,53,2,0
3,2015,48,22,70,20,3,35,0,27,3,16,39,17,9,51,64,91,43,11,2,45,29,26,22,57,7,3,61,14,18,69,0,14,32,26,38,57,2,1,86,42,77,1,7,69,56,7,33,41,66,0.5,31,83,32,52,10,14,13,82,95,NA,19,5,0.5,2,0.5,3,83,23,14,83,1,18,58,14,1,61,9,44,2,80,65,NA,20,39,95,26,NA,0.5,16,4,NA,80,55,55,87,41,60,60,41,17,48,74,21,1,2,1,0.5,0,2,2,0,1,0,55,5,43,1,5,2,2,9,0.5,0.5,1,2,0.5,0.5,0.5,1,14,6,2,3,0.5,3,0.5,1,1,0.5,9,4,2,78,11,1,1,1,1,10,4,17,12,5,66,22,1,0.5,0.5,63,3,0
4,2015,71,22,69,20,3,55,1,24,2,17,39,13,9,58,62,68,25,8,2,45,30,31,20,52,5,4,61,5,37,66,6,13,31,23,37,100,2,1,86,30,73,1,8,70,57,6,47,41,67,0.5,24,77,32,77,9,17,16,69,94,NA,19,5,0.5,2,0.5,3,78,25,47,81,0.5,16,60,17,1,50,9,47,1,86,64,NA,23,66,96,12,NA,0.5,16,4,NA,80,53,63,86,36,64,55,39,19,44,69,20,1,2,2,0.5,0,2,1,2,0.5,0.5,57,5,34,1,3,0,0,9,0.5,0.5,0.5,1,1,0.5,1,0,12,8,2,3,0.5,1,0.5,0.5,1,0.5,8,3,1,74,15,1,1,1,0.5,9,2,15,14,4,65,23,1,0.5,0.5,56,3,0
5,2015,55,21,66,20,2,48,0,24,4,18,38,12,10,55,64,75,49,8,2,41,30,20,18,52,4,8,61,6,14,66,0,14,31,25,42,81,4,0,87,25,80,1,7,70,54,7,34,42,62,0.5,18,82,32,44,9,16,17,62,91,NA,18,5,0.5,1,0.5,3,73,14,55,76,0.5,16,59,19,1,49,6,46,1,80,62,NA,23,55,100,21,NA,0.5,15,4,NA,84,54,69,82,32,65,52,40,16,41,73,18,0,2,1,0.5,0,1,2,0,0.5,0,51,0,29,1,1,2,0,9,0.5,0.5,0.5,3,1,0.5,0.5,0,11,7,2,2,1,1,0.5,0.5,1,0.5,6,2,1,79,13,1,0,1,0.5,10,1,15,15,3,64,24,1,0.5,0.5,48,4,1
6,2015,59,21,59,18,2,38,2,22,2,13,39,10,11,50,71,63,100,9,1,41,29,28,23,54,5,4,61,7,30,68,0,13,30,24,27,64,6,0,90,21,74,1,7,69,57,11,28,43,64,0.5,19,83,31,20,9,20,15,55,97,NA,18,5,0.5,1,0.5,3,73,20,59,76,0.5,17,56,19,1,50,8,47,2,83,57,NA,22,57,95,24,NA,0.5,15,4,NA,87,53,63,83,37,67,50,38,18,39,73,17,1,3,1,0.5,0,2,2,0,0.5,0,48,0,29,1,1,0,4,9,0.5,0.5,1,2,1,0.5,0.5,2,13,7,2,2,5,1,0.5,0.5,1,0.5,9,1,1,57,13,1,0,1,0.5,9,3,15,11,2,63,25,1,0.5,0.5,27,3,0.5
7,2015,37,21,51,22,2,44,1,26,2,14,34,11,7,52,77,88,25,9,1,43,29,28,18,55,4,5,59,9,16,72,0,13,28,24,36,73,2,2,91,29,85,1,7,72,68,8,40,45,97,0.5,21,96,35,28,9,22,19,60,93,NA,19,5,0.5,1,0.5,3,73,27,74,74,0.5,16,62,21,1,50,9,53,1,89,59,NA,22,62,91,50,NA,0.5,15,4,NA,88,54,65,84,32,68,48,36,19,40,84,18,1,2,0.5,0.5,0,1,1,0,0.5,0,50,0,30,1,1,0,2,9,0.5,0.5,0.5,2,0.5,0.5,0.5,2,12,7,2,4,26,2,0.5,0.5,1,0.5,4,2,2,95,12,1,1,1,0.5,9,0,13,16,1,65,24,1,0.5,0.5,25,3,0.5
8,2015,80,22,53,19,1,54,0,24,1,15,35,13,7,49,76,71,31,13,1,38,27,43,21,61,3,4,61,5,23,71,0,10,28,23,31,77,3,1,91,29,83,1,8,71,56,7,32,46,100,0.5,28,100,34,47,9,21,14,76,93,NA,17,5,0.5,1,0.5,2,72,21,91,76,1,20,61,21,1,54,8,52,1,89,54,NA,21,61,99,24,NA,0.5,14,4,NA,89,54,78,84,25,62,50,36,16,40,78,15,1,2,0.5,0.5,0,1,2,5,1,0.5,49,0,27,1,1,0,0,9,0.5,0.5,0.5,3,0.5,0.5,1,1,13,6,1,2,18,2,0.5,0.5,1,0.5,4,1,2,85,6,0.5,0,1,0.5,9,1,13,10,3,62,17,1,0.5,0.5,24,4,0
9,2015,46,22,57,17,1,56,5,25,1,12,30,10,7,41,62,66,24,9,1,41,25,30,18,76,3,4,57,4,24,70,12,7,28,21,32,72,3,1,85,32,77,1,7,64,46,11,30,45,79,0.5,17,92,28,62,7,18,15,74,97,NA,16,5,0.5,1,0.5,3,68,10,87,81,0.5,15,60,21,1,56,8,50,1,100,53,NA,19,100,98,18,NA,0.5,13,4,NA,85,51,61,83,31,55,43,39,12,43,69,14,0,2,1,0.5,0,1,2,0,0.5,0,45,0,23,1,1,0,1,9,0.5,0.5,0.5,2,1,0.5,1,0,11,5,2,2,16,2,0.5,0.5,1,0.5,20,2,1,54,10,0.5,1,1,0.5,8,4,13,13,2,57,13,1,0.5,0.5,39,3,0
10,2015,20,23,54,21,1,50,3,27,2,13,31,9,5,37,56,61,6,10,2,45,28,29,18,77,3,5,57,10,23,68,0,5,28,20,34,66,6,1,81,23,81,1,7,60,46,7,25,43,91,0.5,24,81,26,55,6,25,16,76,100,NA,17,4,0.5,1,0.5,2,67,16,78,83,0.5,13,59,22,1,61,8,54,1,99,52,NA,18,72,94,17,NA,0.5,13,3,NA,86,51,65,85,30,53,41,38,13,42,72,15,0,1,0.5,0.5,0,1,2,0,0.5,0,43,0,21,1,1,2,2,7,0.5,0.5,0.5,3,0.5,0.5,1,1,10,5,2,3,24,1,0.5,0.5,1,0.5,7,1,1,89,9,0.5,0,1,0.5,8,2,12,7,2,54,14,1,0.5,0.5,45,1,1
11,2015,42,21,50,20,1,58,2,21,1,10,27,8,10,35,51,60,23,9,1,46,29,22,17,76,3,5,56,9,24,70,0,5,26,18,30,59,3,1,83,24,74,1,5,51,51,3,22,43,69,0.5,16,78,28,56,6,19,18,63,89,NA,15,4,0.5,1,0.5,2,69,20,79,84,0.5,14,55,23,1,63,5,55,1,99,50,NA,19,65,93,16,NA,0.5,12,3,NA,86,51,57,86,29,55,40,38,13,39,62,13,0,1,1,0.5,0,1,2,0,0.5,0.5,40,0,21,1,1,4,0,7,0.5,0.5,0.5,3,0.5,0.5,0.5,0,11,5,2,2,36,1,0.5,0.5,0.5,0.5,5,1,2,63,8,1,1,1,0.5,8,3,11,11,2,50,16,0.5,0.5,0,53,3,0
12,2015,52,21,45,21,1,38,1,22,1,10,27,11,9,34,48,58,23,8,2,49,30,23,13,59,2,5,55,12,24,70,0,9,25,18,31,66,5,0,87,20,76,1,6,49,51,11,27,48,66,0.5,12,78,38,54,6,26,16,70,82,NA,17,4,0.5,1,0.5,2,73,13,76,79,0.5,14,56,25,1,63,6,55,1,91,53,NA,18,68,93,18,NA,0.5,12,3,NA,91,50,67,87,25,58,43,36,17,34,60,13,0,1,1,0.5,0,0.5,2,2,1,0,39,0,21,1,1,2,0,6,0.5,0,0.5,2,0.5,0.5,1,0,9,6,1,1,52,2,0.5,0.5,0.5,0.5,7,1,1,76,9,0.5,0,1,0.5,8,3,11,12,2,48,15,0.5,0.5,0.5,43,3,0
1,2016,18,14,38,21,1,28,1,24,0.5,12,27,13,6,39,50,65,6,5,1,43,30,29,21,59,3,2,60,5,18,76,0,7,22,16,24,45,1,1,86,21,85,0.5,4,37,55,5,27,48,58,0.5,16,97,29,55,6,28,14,78,82,NA,21,5,0.5,1,0.5,2,86,10,70,67,0.5,11,48,25,1,58,6,49,1,91,43,NA,18,65,81,12,NA,0.5,11,3,NA,76,50,62,99,23,58,37,36,13,35,62,10,0,1,0.5,0.5,0,1,2,2,0.5,0,40,0,18,1,1,2,4,6,0.5,0.5,0.5,3,0.5,0.5,0.5,0,9,5,2,2,70,2,0.5,1,0.5,0.5,3,0.5,1,41,6,0.5,2,1,0.5,5,2,9,15,1,45,10,0.5,0,0.5,24,3,0
2,2016,15,13,39,17,1,25,1,20,1,11,25,9,10,36,45,76,6,8,1,40,26,30,10,64,3,6,57,11,16,70,6,7,22,15,21,46,2,2,77,17,65,0.5,3,37,50,11,25,47,57,0.5,18,82,24,48,5,29,17,71,91,NA,20,4,0.5,1,0.5,2,86,14,77,69,0.5,12,51,26,1,48,6,49,1,96,41,NA,16,71,82,5,NA,0.5,10,3,NA,73,49,62,100,23,55,34,34,13,38,65,10,1,1,0.5,0.5,0,0.5,2,0,1,0,33,0,17,1,1,0,1,6,0.5,0.5,0.5,2,0.5,0.5,1,1,11,4,2,4,68,1,0.5,1,0.5,0.5,3,1,2,37,6,1,1,0.5,0.5,5,3,8,2,1,40,9,0.5,0.5,0.5,25,2,0
3,2016,35,14,34,14,2,30,0,16,1,9,23,11,4,33,47,91,23,9,1,42,27,29,20,59,3,4,59,9,4,74,0,5,21,15,22,32,2,0,75,40,65,0.5,4,40,47,9,26,48,68,0.5,11,77,23,46,6,25,10,64,85,0.5,20,4,0.5,1,0.5,2,79,14,92,67,0.5,12,44,28,1,44,5,51,1,95,42,NA,17,85,79,24,0.5,0.5,10,3,NA,70,50,66,90,24,55,31,34,13,38,65,10,0,1,0.5,0.5,0,1,2,0,0.5,0.5,31,0,18,0.5,0.5,0,0,5,0.5,0.5,0.5,1,0.5,0.5,0.5,0,7,5,1,2,64,1,0.5,0.5,0.5,0.5,2,1,1,56,3,0.5,0,0.5,0.5,6,3,8,6,1,36,10,0.5,0.5,0.5,25,3,0
4,2016,29,13,33,13,0.5,38,2,13,1,11,24,10,2,35,45,63,30,5,1,38,27,19,14,55,3,4,56,6,25,76,0,5,20,15,24,26,3,1,73,17,73,0.5,6,37,50,15,25,48,61,0.5,7,75,23,66,5,21,10,52,85,0.5,19,4,0.5,1,0.5,2,74,13,93,67,0.5,10,51,31,1,42,6,57,1,98,42,NA,18,89,83,12,0.5,0.5,10,3,NA,72,49,60,86,19,58,30,34,11,38,64,9,0,2,1,0.5,0,1,2,0,1,0,25,0,16,0.5,0.5,2,0,5,0.5,0.5,0.5,1,1,0.5,1,1,6,4,1,3,84,1,0.5,1,1,0.5,2,1,1,58,3,0.5,0,1,0.5,5,3,7,0,1,37,10,0.5,0.5,0.5,23,1,0
5,2016,11,13,27,12,1,36,0,14,1,9,25,10,4,31,45,69,6,7,1,37,28,21,18,56,2,2,59,4,28,75,0,6,20,14,21,22,2,2,74,24,64,0.5,6,37,50,11,22,51,59,0.5,13,74,23,43,5,24,10,40,82,0.5,18,4,0.5,1,0.5,3,66,12,100,64,0.5,10,50,35,1,39,6,56,1,89,40,NA,17,85,80,14,1,0.5,10,3,NA,71,49,59,89,20,59,30,33,11,37,64,9,0,1,1,0.5,0,1,2,2,1,0,14,0,13,1,1,2,1,5,0.5,0.5,0.5,4,0.5,0.5,1,3,5,4,1,1,88,2,0.5,0.5,0.5,0.5,3,1,1,41,2,0.5,0,1,0.5,5,0,7,6,1,33,9,0.5,0,0.5,13,1,0
6,2016,40,13,26,15,1,27,2,17,1,8,26,9,6,34,48,61,18,9,1,36,26,35,21,50,2,3,55,11,27,81,0,6,19,14,18,26,2,1,74,21,68,0.5,6,37,52,11,28,51,59,0.5,16,80,23,17,4,22,9,43,87,0.5,19,4,0.5,1,0.5,2,67,11,66,63,0.5,10,49,40,1,41,6,59,1,92,39,NA,17,84,74,21,1,0.5,10,3,NA,73,48,59,85,19,60,31,30,14,35,67,10,0,1,0.5,0.5,0,2,2,0,0.5,0,13,5,14,1,0.5,0,2,5,0.5,0.5,0.5,1,0.5,0.5,0,2,5,4,1,2,100,0,0.5,0.5,1,0.5,2,1,1,34,6,0.5,0,0.5,0.5,5,2,7,9,1,33,9,0.5,0.5,0.5,10,2,0
7,2016,30,13,19,15,1,37,1,14,1,8,25,9,50,31,51,92,6,3,1,35,25,32,16,44,2,2,55,6,9,81,0,5,18,13,22,26,2,1,72,22,77,0.5,6,39,57,5,43,56,66,0.5,17,80,26,18,4,25,12,40,75,0.5,19,4,0.5,1,0.5,2,67,14,68,59,0.5,12,47,43,1,42,6,60,1,80,38,NA,17,92,70,22,11,0.5,10,3,NA,76,51,68,84,15,58,29,29,13,32,70,8,1,1,0.5,0.5,2,2,2,0,0.5,0,12,5,13,1,1,4,2,5,0.5,0.5,0.5,1,0.5,0.5,0,1,4,5,1,1,97,0,0.5,0.5,0.5,0.5,1,1,1,37,2,0.5,4,0.5,0.5,6,1,6,2,1,29,10,0.5,0.5,0.5,9,2,0
8,2016,27,12,19,15,1,29,3,13,1,9,26,9,7,29,46,66,6,4,1,34,24,33,16,54,2,3,53,11,29,81,0,4,17,13,16,22,3,2,70,13,87,0.5,6,30,48,6,36,55,69,0.5,8,81,29,41,4,25,10,32,77,0.5,19,3,0.5,1,0.5,2,70,8,54,62,0.5,10,38,38,1,40,5,59,1,77,38,NA,15,83,68,5,9,0.5,10,2,NA,74,47,56,85,13,54,27,28,12,32,62,8,0,1,1,0.5,0,1,1,2,1,0,11,0,15,0.5,1,0,0,4,0.5,0.5,0.5,3,0.5,0.5,1,1,4,4,1,2,75,1,0.5,0.5,0.5,0.5,1,0.5,1,33,3,0.5,0,1,0.5,5,1,6,5,0.5,27,8,0.5,0,0.5,11,2,0
9,2016,26,12,22,19,1,31,2,14,1,9,25,11,5,24,45,61,13,4,1,35,25,33,20,67,2,2,49,6,21,81,0,2,18,13,13,25,3,0,69,17,73,0.5,6,28,44,3,29,53,67,0.5,7,74,26,43,4,24,9,44,82,0.5,19,3,0.5,1,0.5,2,63,11,53,68,0.5,11,38,40,1,48,4,60,1,83,37,NA,14,69,72,12,5,0.5,9,2,0.5,71,46,53,83,15,51,26,29,9,36,59,7,0,0.5,1,0.5,0,1,2,0,1,0,9,0,13,1,0.5,0,2,4,0.5,0.5,0.5,2,1,0.5,1,1,4,3,1,3,76,2,0.5,0,1,0.5,2,1,1,33,1,0.5,0,0.5,0.5,5,3,6,3,1,25,5,0.5,0,0.5,13,0.5,0
10,2016,32,12,21,13,1,36,0,13,1,7,25,9,6,23,38,58,6,3,1,30,26,41,11,63,2,3,49,4,20,75,0,5,18,12,10,22,2,1,62,8,71,0.5,8,28,42,5,31,53,61,0.5,20,60,23,59,4,23,11,48,79,0.5,18,3,0.5,1,0.5,1,63,14,53,72,0.5,9,42,41,1,50,5,62,1,88,34,NA,14,67,76,7,3,0.5,9,2,0.5,69,47,65,86,14,50,23,29,10,35,57,8,0,2,1,0.5,0,2,1,2,0.5,0,9,10,11,0.5,0.5,2,0,4,0.5,0.5,0.5,4,0.5,0.5,1,1,3,3,1,2,76,1,0.5,0.5,0.5,0.5,6,0.5,1,24,1,0,0,0.5,0.5,5,1,5,5,2,61,6,0.5,0,0.5,10,1,0
11,2016,50,12,17,15,1,24,2,13,1,9,21,7,4,19,35,59,0,3,1,30,27,37,10,55,2,1,46,4,11,72,0,4,17,12,17,9,1,0,68,0,71,0.5,6,24,42,8,35,52,62,0.5,11,55,26,43,4,21,11,44,79,0.5,15,3,0.5,1,0.5,2,66,17,56,72,0.5,8,44,42,1,52,5,62,1,95,28,0.5,13,65,71,2,3,0.5,8,2,0.5,69,46,63,83,14,48,22,30,10,36,53,7,0,2,0.5,0.5,0,2,1,2,0.5,0,7,0,12,0.5,0.5,0,2,4,0.5,0.5,0.5,2,0.5,0.5,1,1,3,3,2,1,74,2,0.5,0.5,0.5,0.5,2,1,1,20,2,0.5,1,0.5,0.5,5,0,5,4,1,36,6,0.5,0.5,0.5,9,1,0
12,2016,21,11,15,12,2,20,27,12,0.5,9,19,7,6,21,33,54,12,4,1,33,31,24,18,49,1,4,46,5,17,76,0,3,16,11,15,18,1,0,72,8,71,0.5,8,2,31,5,33,57,53,0.5,15,62,31,38,4,31,10,34,65,1,16,3,0.5,2,0.5,2,71,8,55,65,0.5,9,45,42,1,51,7,63,1,84,26,0,23,68,68,18,4,0.5,8,2,0.5,69,44,68,90,14,51,23,27,10,25,51,16,0,1,0.5,0.5,0,2,3,0,1,0,8,5,10,0.5,0.5,0,2,4,0.5,0.5,0.5,0.5,0.5,0.5,1,0,3,3,2,2,68,1,0.5,0.5,0.5,0.5,0.5,1,1,23,1,0,2,2,0.5,4,2,5,4,1,32,5,0.5,0.5,0.5,9,2,0
1,2017,20,11,13,17,1,25,19,15,0.5,9,21,8,2,21,37,64,6,6,1,34,28,40,21,65,1,3,44,8,14,78,0,4,16,10,12,21,1,3,77,23,70,0.5,6,1,28,7,44,59,56,0.5,16,64,27,47,4,38,12,41,77,2,15,3,0.5,2,0.5,2,70,17,56,66,0.5,10,37,47,1,54,4,62,1,89,24,0.5,20,67,66,32,4,0.5,8,2,0.5,67,47,67,86,14,51,22,30,9,29,55,19,0,1,0.5,0.5,0,1,4,0,0.5,0.5,6,0,11,0.5,1,2,3,4,0.5,0.5,0.5,3,0.5,0.5,1,1,3,3,2,2,71,2,0.5,0.5,0.5,0.5,1,1,1,18,2,0.5,1,1,0.5,5,0,5,6,1,35,5,0.5,0.5,0.5,6,2,0
2,2017,21,11,12,15,0.5,29,25,15,1,8,19,8,4,18,38,81,0,4,1,29,27,44,16,63,2,3,44,5,11,69,0,1,16,10,12,16,0,0,68,20,69,0.5,5,1,29,10,37,60,66,0.5,14,59,23,39,4,37,9,43,81,3,14,3,0.5,2,0.5,3,64,10,57,66,0.5,8,42,47,1,49,4,60,1,87,22,2,21,66,67,23,3,0.5,8,2,0.5,64,47,74,81,12,51,20,28,8,32,56,17,0,2,0.5,0.5,0,2,3,0,0.5,0,6,5,10,0.5,0.5,0,1,4,0.5,0.5,0.5,1,1,0.5,0.5,1,3,3,1,2,59,1,0.5,1,0.5,0.5,1,1,1,19,0.5,0.5,0,1,0.5,4,0,5,5,1,26,5,0.5,0.5,0,6,2,0
3,2017,44,15,10,13,1,33,17,13,1,8,22,10,2,15,36,91,16,3,1,27,31,51,16,65,1,2,42,6,14,70,5,4,16,11,19,16,1,0,69,11,69,0.5,5,1,28,8,36,59,73,0.5,13,57,23,37,4,40,13,48,79,3,14,3,0.5,1,0.5,2,66,19,50,68,0.5,8,41,52,1,42,5,65,1,95,21,1,21,68,69,12,3,0.5,7,2,0.5,63,47,81,81,12,51,18,28,6,33,56,18,0,1,0,0.5,0,2,5,1,1,0,8,0,10,0.5,0.5,2,2,4,0.5,0.5,0.5,1,0.5,0.5,0.5,1,3,3,2,0.5,60,1,0.5,0.5,0.5,0.5,2,1,1,19,1,0.5,1,1,0.5,4,1,5,6,1,24,4,0.5,0,0.5,6,2,0
4,2017,37,12,10,14,1,45,17,11,4,7,20,8,3,20,39,58,6,4,1,26,28,31,37,58,1,2,42,6,4,74,0,3,16,10,16,13,2,0,67,0,72,0.5,7,1,31,8,43,61,60,0.5,10,54,22,47,4,39,13,33,68,100,13,3,0.5,1,0.5,2,61,17,57,63,0.5,8,43,54,1,41,7,68,1,86,20,1,22,68,66,9,3,0.5,7,2,0.5,64,47,72,79,10,54,17,27,7,30,56,15,1,1,0.5,0.5,2,0.5,4,0,0.5,0,6,0,8,0.5,0.5,2,2,4,0.5,0.5,0.5,2,1,0.5,1,1,2,2,2,2,62,0,0.5,0.5,0.5,0.5,1,1,1,17,1,0.5,0,1,0.5,4,0,5,2,0.5,25,5,0.5,0.5,0.5,11,2,0
5,2017,17,11,9,11,1,32,21,12,1,9,19,7,4,18,34,67,6,6,1,27,27,39,17,61,1,3,43,6,8,76,0,3,16,10,13,18,1,0,68,16,76,0.5,8,1,28,3,34,61,53,0.5,10,55,23,34,4,34,12,32,72,28,12,3,0.5,1,0.5,2,57,14,54,62,0.5,9,37,59,1,36,4,65,1,85,18,2,22,63,65,6,12,0.5,7,2,0.5,62,46,69,76,10,53,16,27,6,29,55,15,0,1,1,0.5,0,2,3,0,1,0.5,8,0,10,0.5,0.5,0,1,3,0.5,0.5,0.5,1,0.5,0.5,0.5,0,2,2,2,1,53,0,0.5,0.5,0.5,0.5,1,0.5,1,19,3,0.5,0,1,0.5,4,1,4,6,1,23,4,0.5,0.5,0.5,14,3,0
6,2017,25,10,8,13,1,40,31,10,0.5,10,22,6,3,16,37,63,0,6,1,30,27,33,20,50,1,1,40,4,7,76,0,2,15,10,12,27,2,0,65,12,74,0.5,7,1,27,4,33,61,57,0.5,15,54,22,10,3,32,10,27,70,16,13,3,0.5,1,0.5,2,49,15,45,58,0.5,7,35,62,1,37,4,66,1,80,17,2,24,77,58,32,31,0.5,7,2,0.5,63,45,74,66,10,54,15,25,6,24,55,13,0,2,0.5,0.5,0,0.5,3,0,0.5,0,7,0,6,0.5,1,0,1,3,0.5,0.5,0.5,0.5,0.5,0.5,0.5,2,2,2,1,4,59,1,0.5,0.5,0.5,0.5,0.5,1,0.5,17,2,0,2,1,0.5,4,1,4,4,1,22,3,0.5,0,0.5,7,2,0
7,2017,28,10,7,15,1,34,31,12,0.5,7,22,6,2,15,43,67,0,6,1,31,28,42,18,49,1,1,41,1,9,78,0,1,15,10,12,11,1,1,67,4,78,0.5,7,1,29,3,48,65,53,0.5,13,60,27,9,3,40,11,29,69,10,14,3,0.5,1,0.5,2,49,13,48,58,0.5,7,35,64,1,38,4,68,1,77,17,65,24,75,60,2,31,0.5,7,2,0.5,66,48,79,63,9,58,14,25,7,24,54,14,0,1,1,0.5,0,0.5,3,0,0.5,0,6,0,5,0.5,0.5,0,2,3,0.5,0.5,0.5,1,0.5,0.5,0.5,3,2,2,1,3,59,0,0.5,0.5,0.5,0.5,0,1,1,16,1,0.5,0,1,0.5,4,0,4,4,1,22,2,0.5,0.5,0.5,5,2,0.5
8,2017,33,10,7,14,1,41,35,13,0.5,7,21,5,4,16,39,87,0,5,1,30,26,37,16,57,1,2,41,5,10,76,0,3,15,10,15,10,1,0,67,11,75,0.5,5,0.5,29,6,44,66,50,0.5,20,56,25,26,3,39,14,33,73,11,12,3,0.5,1,0.5,2,47,13,72,63,0.5,8,44,58,1,42,4,71,1,76,16,100,23,63,57,11,29,0.5,7,2,0.5,62,46,78,61,8,55,13,26,6,26,51,16,1,1,0.5,0.5,2,0.5,4,0,0.5,0,6,0,5,0.5,0.5,0,1,3,0.5,0.5,0.5,0.5,0.5,0.5,0.5,1,2,1,1,1,52,0,0.5,0.5,0.5,0.5,1,1,1,14,0.5,0.5,0,1,0.5,3,1,4,6,1,20,2,0.5,0,0.5,8,3,0
9,2017,10,9,7,10,1,48,33,19,1,7,21,6,1,14,35,58,6,7,1,29,24,41,18,67,1,2,39,5,15,72,0,3,15,9,15,11,0,1,66,16,69,0.5,5,1,23,5,36,60,66,0.5,12,49,21,22,3,33,11,37,72,9,13,2,0.5,1,0.5,2,46,10,73,67,0.5,7,43,57,0.5,45,4,67,1,82,15,40,22,58,60,9,25,0.5,6,2,0.5,63,46,64,61,9,52,13,27,5,28,45,17,0,1,0.5,0.5,0,0.5,4,2,0.5,0.5,5,0,5,0.5,1,0,0,3,0.5,0.5,0.5,1,0.5,0.5,1,1,1,1,1,1,44,0,0.5,0.5,0.5,0.5,1,0.5,1,11,0,0,0,1,0.5,3,0,4,6,1,19,2,0.5,0,0.5,6,1,0
10,2017,19,10,6,12,2,41,39,14,0.5,9,20,6,2,12,33,56,0,4,1,29,26,52,18,65,1,3,37,2,4,67,0,3,15,8,11,9,1,1,64,4,70,0.5,4,0.5,24,7,36,61,57,0.5,14,45,22,37,3,32,17,36,74,8,13,2,0.5,1,0.5,2,45,9,62,69,0.5,8,44,59,1,52,5,72,1,88,15,33,22,58,60,6,26,0.5,6,2,0.5,60,46,77,62,9,55,12,28,5,29,46,17,0,1,0.5,0.5,0,0,4,0,0.5,0,5,0,4,0.5,0.5,0,0,3,0.5,0.5,0.5,1,0.5,0.5,1,0,1,1,1,1,44,0,0.5,0.5,0.5,0.5,0.5,1,0.5,11,0.5,0,1,1,0.5,4,2,3,6,1,20,1,0.5,0.5,0.5,6,1,0
11,2017,52,10,6,11,2,44,29,11,0.5,7,15,6,1,10,31,54,11,4,1,29,26,39,20,60,1,4,34,2,6,70,0,3,15,9,12,10,2,1,67,4,76,0.5,6,1,22,5,37,62,52,0.5,21,47,24,27,3,42,11,36,71,7,12,2,0.5,1,0.5,2,46,19,55,72,0.5,7,42,60,0.5,51,5,78,1,89,13,33,23,68,60,4,30,0.5,6,1,0.5,59,46,77,61,10,54,12,28,5,25,43,14,0,1,0.5,0.5,2,0.5,3,0,0.5,0,4,0,4,0.5,0.5,2,0,3,0.5,0.5,0.5,0.5,1,0.5,0.5,1,2,1,2,2,44,0,0.5,0.5,0.5,0.5,0.5,0.5,1,12,0,0.5,1,1,0.5,3,2,4,3,0.5,21,2,0.5,0.5,0,4,3,0
12,2017,13,10,5,10,1,21,27,12,0.5,7,17,5,1,11,28,51,0,4,1,30,31,48,14,48,1,1,35,6,8,70,0,3,14,8,9,6,4,1,71,4,79,0.5,6,0.5,24,2,37,68,48,0.5,34,54,28,29,3,49,13,33,58,7,13,2,0.5,1,0.5,2,48,10,66,67,0.5,8,44,64,1,49,4,82,1,84,13,28,24,60,58,13,50,0.5,6,1,0.5,57,46,79,64,6,59,11,26,7,22,42,14,0,2,0,0.5,0,0.5,4,0,0.5,0,4,0,3,0.5,0.5,0,2,3,0.5,0.5,0.5,0,0.5,0.5,0.5,0,2,1,1,3,45,0,0.5,0.5,0.5,0.5,1,0.5,1,14,1,0.5,0,1,0.5,4,2,4,2,0.5,34,1,0.5,0.5,0.5,3,1,0
1,2018,22,10,5,9,1,22,31,15,0.5,8,21,5,1,13,32,64,0,4,1,26,30,38,12,63,1,3,33,5,17,77,0,2,14,8,14,8,3,1,75,11,75,0.5,6,0.5,25,4,37,73,42,0.5,48,56,24,30,3,48,12,36,71,7,13,2,0.5,1,0.5,2,47,13,48,67,0.5,6,41,63,1,52,4,82,1,88,11,41,24,62,57,20,100,0.5,6,1,0.5,57,47,75,59,8,58,11,26,6,25,42,14,1,1,0.5,0.5,0,0.5,3,0,0.5,0,5,0,3,0.5,0,2,0,3,0.5,0.5,0.5,0,0,0.5,0.5,0,2,1,2,2,49,0.5,0.5,0.5,0.5,0.5,0.5,1,1,12,1,0.5,0,1,0.5,3,1,4,4,1,27,1,0.5,0.5,0.5,4,2,0
2,2018,10,9,5,10,1,29,35,12,0,9,17,5,0.5,13,31,72,11,3,0.5,25,26,49,11,61,1,3,31,3,8,76,0,2,14,9,9,8,1,0,66,4,70,0.5,6,1,21,2,30,70,41,0.5,74,54,21,22,3,49,9,41,73,5,12,2,0.5,1,0.5,2,44,10,65,67,0.5,6,43,64,0.5,51,5,76,0.5,91,12,28,23,77,57,7,80,0.5,6,1,0.5,53,47,79,57,7,55,10,25,4,27,43,14,0,1,0.5,0.5,0,0.5,3,0,0.5,0,5,0,3,0.5,0.5,0,1,3,0.5,0.5,0.5,1,0,0.5,0.5,1,2,1,1,1,49,0,0.5,0.5,0.5,0.5,0.5,0.5,0.5,9,1,0.5,0,1,0.5,3,2,3,5,1,23,1,0.5,0.5,0.5,3,1,0
3,2018,18,9,5,9,3,30,27,12,0.5,6,17,7,2,9,32,78,5,4,1,26,31,56,12,57,1,2,31,2,2,75,0,2,14,8,7,14,1,1,65,7,77,0.5,6,0.5,21,3,31,71,38,0.5,64,52,20,18,3,45,9,33,74,6,11,2,0.5,1,0.5,2,43,10,57,66,0.5,7,42,68,0.5,43,4,75,1,87,10,24,24,51,55,10,61,0.5,5,1,1,51,47,74,56,8,57,10,25,4,26,44,13,0,0.5,0.5,0.5,0,0.5,3,0,0.5,0,3,0,2,0.5,0.5,2,1,3,0.5,0.5,0.5,1,0.5,0.5,0.5,2,1,1,1,4,55,0,0.5,0.5,0.5,0.5,0.5,0.5,0.5,9,1,0.5,0,1,0.5,3,1,3,5,0.5,23,1,0.5,0.5,0.5,3,1,0
4,2018,22,9,5,7,2,39,14,11,0.5,7,18,8,3,11,29,56,0,1,1,24,29,40,15,56,1,4,31,2,6,81,0,2,14,8,9,4,0,1,65,7,87,0.5,6,1,23,3,32,73,45,0.5,61,47,18,33,3,43,13,25,71,6,11,2,0.5,1,0.5,2,38,11,59,65,0.5,6,35,72,0.5,44,4,80,1,88,10,21,25,47,56,6,47,0.5,6,1,1,48,48,84,50,6,56,9,24,5,23,46,14,0,2,0.5,0.5,0,1,3,0,0.5,0,2,0,2,0.5,0.5,0,0,3,0.5,0.5,1,0.5,0.5,0.5,1,1,1,1,1,1,52,0,0.5,0.5,0.5,0.5,1,0.5,0.5,8,1,0.5,1,1,0.5,3,1,3,5,1,20,1,0.5,0,0.5,4,2,0
5,2018,12,8,3,7,2,39,5,11,0.5,7,15,6,2,12,28,64,10,4,0.5,21,27,40,9,53,1,2,29,2,6,78,0,2,13,7,11,6,0,1,65,18,83,0.5,6,1,23,7,29,75,37,0.5,56,48,20,19,3,38,11,27,68,5,11,2,0.5,1,0.5,1,35,13,44,62,1,7,29,77,0.5,36,3,76,1,90,10,16,25,45,52,6,46,0.5,5,1,1,47,46,85,48,6,58,8,24,4,22,44,13,0,1,0.5,0.5,0,0.5,3,0,0.5,0,2,0,3,1,0.5,0,3,3,0.5,0.5,1,1,0.5,0.5,1,2,1,1,1,4,59,0,0.5,0.5,0.5,0.5,1,0.5,1,9,1,0.5,0,1,0.5,3,0,3,2,1,20,1,0.5,0,0.5,3,1,0
6,2018,25,8,3,7,1,37,9,10,0.5,2,17,4,0.5,10,27,57,5,4,0.5,19,30,34,11,46,1,3,28,2,4,82,0,2,12,7,8,7,0,0,66,11,90,0.5,6,0.5,24,2,35,78,18,0.5,86,52,22,7,2,42,12,21,70,4,10,2,0.5,1,0.5,2,34,6,34,59,0.5,6,40,81,1,36,4,75,1,78,10,15,26,45,48,0,36,0.5,5,1,2,46,48,77,46,6,59,8,24,6,18,45,12,0,1,0,0.5,0,0.5,2,0,0.5,0,2,4,2,1,0.5,0,1,2,0.5,0.5,0.5,0.5,0.5,0.5,0.5,0,1,1,1,3,55,1,0.5,0,0.5,0.5,0.5,0.5,1,7,0.5,0,0,1,0.5,3,0,2,1,0.5,19,1,0.5,0.5,0.5,4,1,0
7,2018,19,8,2,8,2,36,6,12,0.5,3,19,6,2,10,33,65,5,5,1,20,32,35,13,44,1,2,26,6,16,81,0,2,12,8,8,7,0,0,65,0,97,0.5,5,1,25,3,33,81,30,0.5,55,51,24,9,2,44,8,27,66,4,11,2,0.5,1,0.5,2,34,7,32,56,0.5,7,31,80,0.5,35,4,75,0.5,83,9,10,27,49,45,4,31,0.5,5,1,2,46,50,84,42,5,61,8,24,5,16,45,12,1,1,0.5,0.5,0,0.5,3,0,0.5,0,2,0,3,0.5,0.5,0,0,2,0.5,0.5,0.5,0,0.5,0.5,0.5,2,1,1,1,3,54,0,0.5,0.5,0.5,0.5,0.5,0.5,0.5,10,1,0.5,0,0.5,0.5,3,0,3,6,1,18,1,0.5,0.5,0.5,2,1,0
8,2018,18,8,2,8,2,37,3,13,0.5,3,21,5,1,11,31,82,15,6,0.5,21,33,42,12,50,1,3,26,3,6,80,0,2,12,7,7,6,0,0,64,7,87,0.5,5,0.5,22,1,28,81,31,0.5,88,51,24,24,2,45,10,24,68,17,10,2,0.5,1,0.5,2,31,3,42,58,0.5,7,36,77,0.5,41,5,73,0.5,76,9,6,28,42,47,10,25,0.5,5,1,2,44,49,85,39,5,59,7,23,4,17,44,12,0,1,0,0.5,0,0.5,3,0,0.5,0.5,2,0,1,0.5,0.5,2,0,2,0.5,0.5,0.5,0.5,1,0.5,0.5,0,1,0.5,1,3,50,0,0.5,0.5,0.5,0.5,0,1,1,5,1,0.5,0,1,0.5,2,0,3,3,0.5,18,1,0.5,0.5,0.5,2,1,0
9,2018,12,8,2,8,2,37,3,12,0.5,3,18,5,0.5,12,26,53,0,4,1,20,30,42,11,59,2,3,26,3,8,78,0,2,12,7,9,5,1,0,60,18,86,0.5,4,1,19,2,26,79,29,0.5,76,53,20,18,2,45,13,26,66,7,10,2,0.5,1,0.5,2,30,8,37,61,0.5,6,46,75,0.5,41,4,78,1,81,8,5,27,38,49,6,19,0.5,5,1,2,41,46,83,39,6,54,6,23,3,18,38,11,1,1,0.5,0.5,0,0.5,3,0,1,0,2,0,2,0.5,1,0,0,2,0.5,0.5,0.5,1,0.5,0.5,0,1,1,0.5,1,2,25,0,0.5,0.5,0.5,0.5,0.5,0,1,5,0.5,0.5,0,1,0.5,3,1,2,3,1,18,1,0.5,0,0.5,2,2,0
10,2018,15,8,3,7,2,43,5,13,0.5,3,20,5,1,11,24,49,0,3,1,19,31,50,13,54,1,1,24,2,8,78,0,1,12,7,7,12,1,0,58,7,82,0.5,5,1,14,1,21,77,34,0.5,88,46,21,22,2,41,10,26,68,11,10,2,0.5,1,0.5,2,28,11,35,59,0.5,6,36,73,0.5,45,4,79,1,85,9,4,25,39,49,8,16,0.5,5,1,3,38,47,70,38,5,51,6,23,3,19,37,11,0,1,0.5,0.5,0,0,2,1,0.5,0,2,0,1,0.5,0.5,2,0,3,0.5,0.5,0.5,1,0.5,0.5,0.5,0,1,0.5,1,2,17,0,0.5,0.5,0.5,0.5,0.5,1,1,6,0.5,0.5,0,1,0.5,2,0,2,3,0.5,17,1,0.5,0,0.5,3,0.5,0
11,2018,21,8,2,8,1,38,1,12,0.5,3,17,6,1,9,22,47,0,4,1,18,32,42,11,50,1,2,24,2,8,76,0,2,12,6,9,11,0,2,60,11,89,0.5,5,0.5,16,2,24,75,31,0.5,76,45,23,17,3,42,11,22,64,4,8,2,0.5,1,0.5,1,31,9,34,61,0.5,6,34,72,0.5,47,4,80,1,86,9,4,26,37,47,12,14,0.5,5,1,3,39,47,83,39,5,52,5,24,3,17,36,11,0,1,0.5,0.5,0,0.5,3,0,0.5,0.5,2,4,1,0.5,0.5,0,2,2,0.5,0.5,0.5,0.5,0.5,0.5,0.5,2,1,0.5,1,2,12,0,0.5,0.5,0.5,0.5,0,0.5,0.5,5,0,0.5,1,1,0.5,2,0,2,2,0.5,17,1,0.5,0.5,0.5,2,1,0
12,2018,16,8,3,7,2,27,1,9,0.5,3,17,4,1,10,20,46,0,2,0.5,21,33,35,39,41,1,3,22,3,10,79,0,1,11,6,7,19,1,1,63,11,80,0.5,5,0.5,18,2,22,78,32,0.5,60,53,26,19,2,52,11,20,54,9,9,2,0.5,1,0.5,2,33,4,30,55,0.5,6,36,81,0.5,47,4,85,0.5,77,9,4,25,39,47,36,11,0.5,5,1,3,36,46,87,37,3,57,5,22,3,17,35,10,0,0.5,0.5,0.5,0,0.5,3,0,0.5,0,2,0,1,0.5,0.5,0,1,2,0.5,0.5,0.5,0.5,0.5,0.5,0.5,1,1,0.5,1,2,10,1,0.5,0.5,0.5,0.5,0,0.5,0.5,4,1,0.5,0,0.5,0.5,3,0,1,4,0.5,18,1,0.5,0,0.5,2,1,0
1,2019,18,8,2,9,1,27,3,12,0.5,2,19,5,1,8,24,56,0,4,1,19,32,47,18,54,1,3,21,2,7,84,0,1,12,6,9,7,1,1,70,17,80,0.5,5,1,20,1,24,85,30,0.5,77,48,22,20,2,65,8,20,66,6,9,2,0.5,1,0.5,1,34,9,29,58,0.5,5,29,79,0.5,46,4,81,0.5,85,9,4,22,39,45,14,12,0.5,5,1,4,27,48,84,34,5,56,5,24,3,18,38,8,1,0.5,0,0.5,0,0.5,2,0,0.5,0,1,0,1,1,0.5,0,2,2,0.5,0.5,0.5,0.5,0.5,0.5,0.5,2,1,1,2,1,9,0.5,0.5,0.5,0.5,0.5,0,0.5,0.5,5,1,0.5,0,1,0.5,3,1,1,0,0.5,15,0.5,0.5,0.5,0.5,2,1,0
2,2019,29,7,2,8,1,23,1,14,0.5,3,20,4,1,9,22,63,0,4,0.5,20,33,43,14,53,1,1,22,2,6,78,0,2,11,6,6,6,0,0,63,4,83,0.5,4,8,26,0,26,81,29,0,98,48,21,9,2,44,9,25,68,4,9,2,0.5,0.5,0.5,1,32,9,32,62,0.5,6,32,78,0.5,44,4,80,0.5,87,9,3,10,36,48,10,9,0.5,5,0.5,4,24,49,79,34,4,56,5,23,3,19,37,4,0,1,0.5,0.5,0,0.5,1,0,0.5,0,1,0,1,0.5,0.5,0,1,3,0.5,0,0.5,1,0.5,0.5,0.5,0,1,0.5,1,1,7,0,0.5,0.5,0.5,0.5,0.5,0.5,0.5,3,1,0.5,0,0.5,0.5,2,1,1,1,1,12,1,0.5,0.5,0.5,2,2,0
3,2019,15,9,2,6,1,39,0,12,0.5,3,19,5,1,8,22,69,0,5,0.5,18,35,44,11,51,1,1,21,3,9,83,0,1,10,6,9,10,2,0,57,0,89,0.5,4,8,22,0,25,82,27,0.5,92,45,19,11,2,48,8,15,64,3,8,2,0.5,0.5,0.5,1,30,10,29,59,0.5,6,31,83,0.5,40,5,85,0.5,83,8,3,10,36,45,2,11,0.5,4,0.5,4,23,48,83,33,4,56,5,23,3,17,37,4,1,1,0.5,0.5,0,0.5,1,0,0.5,0,1,0,1,0.5,0.5,0,0,2,0.5,0.5,0.5,1,0.5,0.5,0.5,0,1,0.5,1,3,8,0,0.5,0.5,0.5,0.5,0.5,0,0.5,4,0.5,0.5,2,0.5,0.5,2,1,1,2,0.5,11,1,0.5,0.5,0.5,2,1,0
4,2019,16,8,2,7,1,42,4,9,1,2,18,5,1,9,22,51,0,4,0.5,17,35,40,11,65,1,0.5,21,2,4,86,0,1,10,6,4,8,1,1,56,11,90,0.5,5,0.5,17,0,28,85,25,0.5,75,45,20,18,2,44,8,13,64,6,8,2,0.5,1,0.5,2,30,10,30,58,0.5,5,25,84,0.5,40,4,88,1,85,8,2,27,36,46,12,11,0.5,4,1,6,22,49,90,30,3,57,5,22,3,16,36,8,0,0.5,0,0.5,0,0.5,3,0,0.5,0,2,0,1,0.5,0.5,0,0,1,0.5,0.5,0.5,0.5,0.5,0.5,0,1,1,0.5,1,2,10,1,0.5,0.5,0.5,0.5,0.5,0.5,0.5,3,0,0.5,0,0.5,0.5,2,1,1,1,0,12,1,0.5,0,0.5,2,1,0
5,2019,18,8,2,7,1,40,1,10,0.5,2,17,5,0.5,9,22,50,0,3,0.5,18,31,37,18,56,1,0.5,21,4,4,85,0,1,11,6,6,7,0,0,57,0,80,0.5,5,0.5,16,1,22,83,24,0.5,89,48,20,10,2,48,7,25,68,6,8,2,0.5,1,0.5,1,25,4,27,59,0.5,6,24,86,0.5,36,5,88,0.5,83,7,2,28,48,44,6,8,0.5,4,1,5,21,47,100,30,3,56,5,22,3,14,35,9,1,0.5,0.5,0.5,0,0.5,3,1,0.5,0,2,0,1,0.5,0.5,0,0,1,0.5,0.5,0.5,1,0.5,0.5,0.5,2,1,0.5,1,4,5,0.5,0.5,0.5,0.5,0.5,0.5,0.5,0.5,3,1,0,0,1,0.5,3,1,1,1,0,11,1,0.5,0,0.5,1,0.5,0
6,2019,25,8,2,7,2,42,1,11,0.5,3,19,5,2,9,24,48,5,4,0.5,15,30,40,14,48,1,0.5,21,1,6,94,0,1,10,6,4,5,1,0,63,11,83,0.5,5,0.5,19,2,22,94,22,0.5,100,56,21,4,3,54,9,17,71,6,8,2,0.5,0.5,0.5,1,24,10,29,56,0.5,7,33,95,0.5,48,3,88,0.5,81,8,2,29,45,44,10,9,0.5,5,1,6,22,52,85,30,3,58,5,21,2,15,38,9,0,0.5,0,0.5,0,0,2,0,0.5,0,1,0,2,0.5,0.5,0,0,1,0.5,0.5,0.5,0.5,0.5,0.5,0.5,0,1,0.5,1,4,5,0,0.5,0.5,0.5,0.5,1,1,0.5,3,0,0.5,0,0.5,0.5,2,1,1,0,0,12,1,0.5,0.5,0.5,1,1,0
7,2019,18,8,2,8,1,35,1,12,0.5,3,21,6,0.5,8,26,53,0,5,0.5,16,30,45,14,46,1,1,20,3,13,98,0,1,10,6,8,6,2,0,63,21,85,0.5,4,0.5,19,3,24,97,24,0.5,64,58,24,8,2,53,7,21,68,5,8,2,0.5,0.5,0.5,1,25,7,29,56,0.5,6,29,93,0.5,42,3,86,0.5,78,7,1,30,39,40,0,8,0.5,5,1,7,21,52,85,27,3,58,4,20,3,14,37,7,0,1,0,0.5,0,0.5,3,0,0.5,0,1,0,1,0.5,0.5,0,0,1,0.5,0.5,0.5,1,0.5,0.5,0.5,0,1,0.5,1,3,4,0,0.5,0.5,0.5,0.5,0.5,0.5,1,3,1,0,0,0.5,0.5,3,0,1,3,1,12,0.5,0.5,0.5,0.5,1,1,0
8,2019,6,9,2,6,1,40,1,12,0.5,2,21,5,2,9,25,74,5,2,1,16,32,34,10,56,1,2,20,2,4,96,0,0.5,10,6,6,4,2,0,61,17,88,0.5,4,1,17,0,22,96,23,0.5,41,57,22,12,2,58,11,15,68,4,8,2,0.5,0.5,0.5,1,26,6,30,58,0,6,35,90,0.5,39,3,87,0.5,83,7,1,33,38,42,6,9,0.5,5,1,9,20,52,73,27,2,58,4,21,3,14,36,6,1,1,0.5,0.5,0,0.5,2,0,1,0,3,0,1,0.5,0.5,0,0,1,0.5,0.5,0.5,1,0.5,0.5,0,2,1,1,1,2,4,0,0.5,0.5,0.5,0.5,0.5,0,0.5,3,1,0.5,0,0.5,0.5,2,1,1,1,0.5,11,1,0.5,0,0.5,1,0.5,0
9,2019,26,7,2,7,1,44,3,13,0.5,3,22,4,1,7,22,49,0,1,0.5,16,28,38,14,67,1,0,19,2,7,90,0,2,10,6,9,4,1,1,61,7,85,0.5,4,0.5,18,1,22,94,22,0.5,55,54,21,12,2,63,10,17,74,4,8,2,0.5,0.5,0.5,2,24,9,30,65,0,5,48,92,0.5,43,2,90,1,87,7,1,27,36,45,2,13,0.5,5,1,34,19,53,83,27,3,55,4,22,2,15,32,6,2,0.5,0.5,0.5,1,1,2,0,0.5,0.5,1,0,1,0.5,0.5,0,1,1,0.5,0.5,1,0.5,0.5,0.5,0.5,0,1,0.5,1,2,3,0,0.5,0.5,0.5,0.5,0,0.5,0.5,2,1,0.5,0,0.5,0.5,2,0,1,3,0.5,10,0.5,0.5,0.5,0,2,0.5,0
10,2019,16,8,2,5,1,46,2,11,0.5,2,19,5,1,7,19,59,0,3,0.5,16,28,47,10,62,1,3,18,2,0,92,0,1,10,5,8,10,0,0,57,0,80,0.5,5,0.5,16,1,19,87,21,0.5,55,49,19,13,2,62,9,17,71,4,7,2,0.5,0.5,0.5,1,23,11,27,64,0.5,7,42,85,0.5,50,4,90,0.5,96,7,1,27,36,46,4,16,0.5,5,1,10,17,54,76,26,3,53,4,21,2,14,31,7,0,0.5,0.5,0.5,0,0.5,2,0,0.5,0,1,0,1,0.5,0.5,0,0,1,0.5,0.5,0.5,0,0.5,0.5,0.5,0,0.5,0.5,1,2,3,0,0.5,0.5,0.5,0.5,0.5,0.5,0.5,4,0.5,0.5,0,0.5,0.5,2,1,1,0,0.5,10,1,0.5,0.5,0.5,2,1,0
11,2019,14,7,1,7,1,38,1,11,0.5,2,18,5,0.5,6,22,52,0,4,0.5,16,26,40,11,58,1,2,18,1,2,92,0,1,10,5,4,10,0,0,59,16,83,0.5,4,0.5,15,2,17,85,21,0.5,53,49,22,9,2,60,13,17,71,7,7,2,0.5,0.5,0.5,1,24,7,27,66,0.5,6,38,84,0.5,49,3,87,0.5,90,6,1,29,34,44,4,28,0.5,4,1,11,17,52,77,26,3,55,4,21,2,12,29,7,0,2,0,0.5,1,0.5,2,0,0.5,0,1,0,1,0.5,0.5,0,0,1,0.5,0.5,0.5,1,0.5,0.5,0.5,0,1,0.5,1,5,3,0,0.5,0.5,0.5,0.5,0.5,0,1,3,1,0,2,0.5,0.5,2,0,1,1,0.5,11,0.5,0.5,0,0,1,0.5,0
12,2019,31,7,2,6,1,19,0,11,0.5,2,20,3,1,9,19,42,0,2,0.5,19,29,35,12,49,1,0.5,18,4,5,96,0,2,9,5,4,8,1,0,62,7,88,0.5,5,0.5,17,0,24,91,18,0.5,40,54,26,16,2,70,10,15,59,7,7,2,0.5,0.5,0.5,1,24,6,27,59,0.5,6,33,84,0.5,48,4,90,0.5,85,6,1,28,38,42,2,40,0.5,4,1,15,17,54,76,26,2,57,4,20,3,11,27,6,0,1,0.5,0.5,0,0.5,3,0,0.5,0,1,0,1,0.5,0.5,0,1,1,0.5,0.5,0.5,0.5,0.5,0.5,0.5,2,0.5,0.5,1,6,4,0,0.5,0.5,0.5,0.5,0.5,1,0.5,3,0.5,0.5,0,0.5,0.5,3,0,1,0,0.5,11,0.5,0.5,0.5,0.5,2,1,0
1,2020,19,7,2,8,1,26,1,14,0.5,2,21,3,1,9,20,50,0,4,0.5,18,28,38,14,60,1,1,18,3,10,100,0,1,10,5,4,8,1,0,74,3,100,0.5,4,1,19,1,23,95,17,0.5,53,60,22,9,2,90,8,17,77,5,7,2,0.5,1,0.5,1,25,7,29,62,0.5,5,42,88,0.5,52,3,91,0.5,90,7,1,30,39,43,10,42,0.5,4,1,19,17,56,81,24,3,60,4,22,2,11,30,8,1,0.5,0,0.5,0,0.5,2,0,0.5,0,2,0,1,0.5,0.5,0,1,1,0.5,0.5,0.5,0.5,0.5,0.5,0,0,1,0.5,1,5,3,0,0.5,0.5,0.5,0.5,0.5,0,1,3,0.5,0.5,0,0.5,0.5,2,1,1,1,0.5,10,0.5,0.5,0,0.5,2,0.5,0
2,2020,14,7,1,4,1,24,0,15,0,2,19,4,1,8,18,46,9,3,0.5,19,31,36,13,64,1,2,17,2,3,94,0,1,10,5,3,12,0,0,62,10,90,0.5,4,0.5,17,1,27,87,19,0.5,71,57,20,12,2,77,10,16,75,7,6,2,0.5,0.5,0.5,1,23,7,28,63,0.5,7,39,87,0.5,47,4,88,0.5,93,6,1,30,39,42,5,39,0.5,4,1,23,15,57,79,24,2,59,4,22,2,12,29,6,1,0.5,0,0.5,0,0.5,2,0,0.5,0,1,0,1,0.5,0.5,0,0,1,0.5,0.5,0.5,1,0.5,0.5,0.5,1,1,0.5,1,4,4,0,0.5,0.5,0.5,0.5,1,0.5,1,2,1,0.5,0,0.5,0.5,2,0,1,1,0.5,10,0.5,0.5,0.5,0.5,2,0.5,0
3,2020,12,7,1,7,1,14,1,17,0.5,2,15,3,1,7,12,40,4,2,0.5,16,30,71,8,80,1,1,19,3,3,91,0,1,8,3,4,3,1,0,60,11,86,0.5,3,0.5,22,2,25,91,20,0.5,57,61,23,6,2,88,9,15,64,4,6,2,0.5,0.5,0.5,1,21,6,29,63,0.5,6,28,78,0.5,48,3,89,0.5,89,6,1,27,41,41,5,32,0.5,4,1,32,15,62,65,24,2,65,5,23,3,14,19,7,0,0.5,0.5,0.5,0,0.5,2,0,0.5,0,1,0,1,0.5,0.5,0,2,1,0.5,0.5,0.5,1,0,0.5,0.5,1,1,1,1,3,5,0,0.5,0.5,0.5,0.5,0.5,1,1,2,1,0.5,0,0.5,0.5,2,1,1,0,0.5,10,1,0.5,0.5,0.5,1,0,0
4,2020,20,7,2,6,1,11,0,24,0.5,2,16,4,0.5,6,8,36,4,1,0.5,17,34,100,9,100,1,1,19,2,3,88,0,2,9,3,4,4,1,0,69,0,77,0.5,1,1,27,1,35,99,20,0.5,47,69,28,8,2,97,8,26,61,7,6,2,0.5,0.5,0.5,1,21,8,30,70,0.5,6,27,83,0.5,49,4,95,0.5,90,6,1,40,46,42,2,26,0.5,4,1,48,17,61,61,26,2,77,5,23,4,16,15,8,0,0.5,0.5,0.5,0,1,3,0,0.5,0,1,3,1,0.5,0.5,1,0,1,0.5,0.5,0.5,1,0.5,0.5,1,1,1,1,1,3,6,0,0.5,0.5,0.5,0.5,0.5,0.5,0.5,3,0.5,0.5,0,0.5,0.5,2,1,1,0,1,11,1,0.5,0.5,0.5,1,0.5,0
5,2020,19,7,1,5,0.5,8,0,22,0.5,2,14,4,0.5,6,9,34,0,2,0.5,16,33,72,11,83,1,1,18,3,4,82,0,1,8,3,4,9,1,0,67,6,81,0.5,1,0.5,25,1,71,100,22,0.5,57,73,25,6,2,95,12,16,60,6,6,2,0.5,0.5,0.5,1,19,8,28,69,0.5,7,25,89,0.5,43,3,96,0.5,96,6,1,35,39,37,3,30,0.5,4,1,49,16,62,68,23,2,78,4,20,4,16,16,6,0,0.5,0.5,0.5,0,0.5,3,0,0.5,0,1,0,1,0.5,0.5,0,0,1,0.5,0.5,0.5,1,0.5,0.5,0.5,0,1,1,1,3,5,0,0.5,0.5,0.5,0.5,0.5,1,1,2,1,0.5,0,0.5,0.5,2,1,1,1,0.5,10,1,0.5,0.5,0.5,2,0.5,0
6,2020,5,8,1,5,1,8,1,18,0.5,1,15,3,1,6,10,49,0,2,0.5,15,30,73,10,74,1,1,17,6,5,87,0,2,8,3,6,8,3,1,65,0,90,0.5,1,1,23,1,100,98,19,0,43,68,24,4,2,84,11,13,70,5,6,2,0.5,0.5,0.5,1,19,4,29,66,0.5,6,31,93,0.5,41,4,98,0.5,96,6,1,34,40,37,2,31,0.5,4,0.5,50,15,66,80,21,2,80,4,20,3,13,20,6,1,0.5,0,0.5,0,0.5,3,0,0.5,0,1,0,1,0.5,0.5,0,0,1,0.5,0.5,0.5,1,0.5,0.5,0.5,1,1,0.5,1,4,4,0.5,0.5,0.5,0.5,0.5,0.5,0.5,0.5,3,1,0.5,0,0.5,0.5,2,1,1,0,0.5,9,0.5,0.5,0,0.5,4,1,0
7,2020,18,7,1,6,1,9,1,16,0.5,2,16,3,2,6,10,35,0,2,0.5,16,32,72,11,68,1,1,17,1,3,88,0,2,8,3,3,14,1,1,67,3,98,0.5,1,0.5,20,2,82,98,26,0.5,67,65,25,5,2,89,8,15,72,4,6,2,0.5,0.5,0.5,1,19,7,27,68,0.5,6,28,100,0.5,40,4,100,0.5,96,6,1,35,40,36,8,32,0.5,4,0.5,59,14,64,85,21,2,81,4,18,4,13,21,7,0,1,0.5,0.5,0,1,3,0,0.5,0,1,4,1,0.5,0.5,0,0,1,0.5,0.5,0.5,0.5,0.5,0.5,0.5,0,0.5,1,0.5,3,5,0.5,0.5,0.5,0.5,0.5,1,0.5,0.5,3,1,0.5,0,0.5,0.5,2,0,1,0,1,9,0.5,0.5,0,0.5,1,0.5,0
8,2020,13,7,1,5,1,6,1,16,0.5,1,14,3,0.5,7,11,35,0,2,0.5,15,33,69,9,70,1,1,17,3,10,95,0,1,8,4,4,4,0,1,66,3,96,0.5,1,0.5,20,2,53,93,26,0.5,86,68,24,4,2,90,12,10,68,4,5,2,0.5,0.5,0.5,1,17,5,27,67,0.5,7,34,100,0.5,39,4,99,0.5,86,6,0.5,34,40,38,5,32,0.5,4,0.5,61,14,65,83,20,1,81,4,18,3,11,22,7,0,1,0,0.5,0,0.5,3,1,0.5,0,1,4,1,0.5,0.5,0,1,1,0.5,0.5,0.5,1,0.5,0.5,0.5,1,0.5,0.5,1,2,4,0,0.5,0.5,0.5,0.5,0.5,0,1,3,1,0,0,0.5,0.5,2,1,1,1,0,9,0.5,0.5,0,0.5,2,0.5,0
9,2020,10,7,1,7,1,10,1,15,0,2,15,5,2,6,10,42,0,1,0.5,15,32,58,9,76,1,1,16,2,3,87,0,1,7,3,1,4,0,0,62,15,85,0.5,2,0.5,19,0,34,93,25,0.5,68,66,20,5,2,93,10,10,72,4,5,2,0.5,0.5,0.5,1,16,8,27,73,0.5,7,31,98,0.5,42,3,96,0.5,95,5,0.5,31,41,37,5,31,0.5,4,1,59,13,65,78,20,2,80,3,18,2,11,21,6,0,0.5,0.5,0.5,0,0.5,3,0,0.5,0,1,0,1,0.5,0.5,0,1,1,0.5,0.5,0.5,1,0.5,0.5,0.5,0,1,0.5,1,3,4,0,0.5,0.5,0.5,0.5,0.5,0.5,1,4,0.5,0.5,0,0.5,0.5,2,0,1,0,0.5,8,0.5,0.5,0.5,0.5,4,0,0
10,2020,24,6,1,6,1,6,0,12,0.5,2,13,4,1,6,8,41,4,2,0.5,15,29,55,7,62,1,0.5,16,2,5,91,0,1,7,2,6,6,0,0,55,0,90,0.5,2,0.5,16,1,38,89,30,0.5,62,71,18,2,2,73,12,12,61,3,5,2,0.5,0.5,0.5,1,16,5,26,71,0.5,4,28,95,0.5,46,2,84,0.5,87,5,0.5,30,36,34,2,28,0.5,4,0.5,49,12,66,77,21,1,77,3,17,2,10,100,6,1,0,0.5,0.5,0,0.5,2,0,0.5,0,1,0,1,0.5,0.5,0,1,0.5,0.5,0.5,0.5,0,0.5,0.5,0.5,0,0.5,0.5,1,2,3,0,0.5,0.5,0.5,0.5,0.5,0.5,1,2,0,0.5,0,0.5,0.5,2,0,1,1,0.5,7,0.5,0.5,0,0.5,2,0.5,0
11,2020,11,6,1,4,1,9,1,12,0.5,2,13,4,1,5,7,30,0,2,0.5,17,25,54,6,58,1,2,15,2,2,91,0,1,6,3,3,3,1,0,51,0,83,0.5,2,0.5,16,1,23,89,25,0.5,59,73,22,4,2,72,7,14,57,3,5,1,0.5,0.5,0.5,1,17,5,28,71,0,6,30,86,0.5,48,3,83,0.5,83,5,0.5,30,36,31,0,30,0.5,4,0.5,53,11,73,62,20,1,80,3,17,2,9,15,7,1,0.5,0,0.5,0,0.5,2,0,0.5,0,1,0,1,0.5,0.5,0,0,0.5,0.5,0.5,0.5,1,0,0.5,0.5,1,0.5,0.5,1,2,2,0,0.5,0.5,0.5,0.5,0,0,1,3,1,0,0,0.5,0.5,2,1,1,0,0,7,0.5,0.5,0.5,0.5,1,0.5,0
12,2020,3,6,1,5,0.5,5,1,13,0.5,2,15,3,0.5,6,8,29,0,2,0.5,18,30,55,7,56,1,2,15,3,7,91,0,1,6,2,3,3,2,1,65,0,86,0.5,2,1,18,0,21,91,21,0.5,53,79,25,4,2,83,6,12,52,5,5,2,0.5,0.5,0.5,1,18,5,29,70,0,6,34,90,0.5,46,3,88,0.5,81,5,0.5,30,38,32,2,39,0.5,4,0.5,60,11,65,66,20,1,83,3,17,2,9,14,7,0,0.5,0.5,0.5,0,0.5,2,0,0.5,0,1,0,0.5,0.5,0,0,1,0.5,0.5,0.5,0.5,0.5,0,0.5,0.5,1,1,0.5,1,2,3,0,0.5,0.5,0.5,0.5,0.5,0.5,0.5,2,1,0.5,1,0.5,0.5,1,0,1,0,0.5,7,0.5,0.5,0,0.5,1,0,0
1,2021,5,7,1,6,0.5,5,1,16,0.5,2,12,3,1,6,8,31,0,2,0.5,17,29,61,9,68,1,1,15,2,3,90,0,1,6,3,3,4,0,1,64,6,85,0.5,2,0.5,18,0,26,88,17,0.5,67,72,23,5,2,100,9,11,60,4,5,2,0.5,0.5,0.5,1,17,3,27,71,0.5,6,30,87,0.5,52,3,97,0.5,83,5,0.5,30,37,31,0,39,0.5,4,0.5,72,11,68,52,19,1,84,3,18,2,9,14,5,0,0,0.5,0.5,0,0.5,2,0,1,0,1,0,0.5,0.5,0.5,0,0,0.5,0.5,0.5,0.5,1,0,0.5,0.5,0,0.5,0.5,1,1,3,0,0.5,0.5,0.5,0.5,0.5,0,1,2,0,0.5,0,0.5,0.5,2,1,1,0,0.5,7,0.5,0.5,0,0.5,1,0.5,0
2,2021,3,6,1,6,0.5,6,0,16,0.5,1,13,2,0.5,5,7,30,0,1,0.5,17,28,54,10,63,1,1,14,1,4,89,0,1,6,2,1,3,0,0,55,0,77,0.5,2,0,18,1,24,86,20,0.5,82,77,20,3,2,88,7,12,64,4,5,1,0.5,0.5,0.5,1,16,6,26,74,0.5,5,42,83,0.5,47,4,92,0.5,86,5,0.5,31,37,30,4,37,0.5,4,0.5,80,10,62,59,18,1,85,3,17,2,10,16,5,0,0,0.5,0.5,0,1,3,0,0.5,0,1,0,1,0.5,0.5,0,1,0.5,0.5,0.5,0.5,0.5,0.5,0.5,0,1,1,0.5,1,1,3,0,0.5,0.5,0.5,0.5,0.5,0.5,0.5,1,0,0.5,0,0.5,0.5,1,0,1,1,0.5,7,0.5,0.5,0.5,0.5,1,0.5,0
3,2021,15,6,0.5,4,1,10,0,15,0.5,1,15,3,1,6,7,44,0,3,0.5,17,30,50,7,61,1,2,13,5,0,90,0,1,6,2,4,3,0,1,51,9,79,0.5,2,0.5,18,0,22,85,26,0.5,81,75,18,2,2,89,7,9,63,2,4,1,0.5,0.5,0.5,1,15,2,23,72,0.5,6,36,83,0.5,39,3,88,0.5,89,5,0.5,30,35,29,3,38,0.5,3,0.5,81,10,59,58,18,1,88,3,16,2,9,17,5,0,0.5,0.5,0.5,0,0.5,2,0,0.5,0,1,0,1,0.5,0.5,0,1,0.5,0.5,0.5,0.5,0.5,0.5,0.5,0.5,1,1,1,1,2,2,0,0.5,0,0.5,0.5,0.5,0,1,2,0,0.5,0,0.5,0.5,2,1,1,0,0.5,6,1,0.5,0.5,0.5,2,0.5,0
4,2021,3,6,1,4,1,5,1,14,0.5,1,13,4,1,7,6,31,0,1,0.5,16,31,45,6,60,1,0,14,1,2,92,0,1,6,2,2,3,0,0,54,3,81,0.5,1,0.5,19,2,16,87,23,0.5,40,84,17,3,2,98,7,8,63,3,4,1,0.5,0.5,0.5,1,14,7,17,74,0.5,6,38,84,0.5,37,2,92,0.5,89,5,0.5,32,36,29,0,38,0.5,3,0.5,90,10,59,66,17,1,92,2,16,2,8,18,5,0,0.5,0,0.5,0,0.5,3,0,0.5,0,1,0,1,0.5,0.5,0,0,0.5,0.5,0.5,0.5,0,0,0.5,0.5,1,1,1,1,1,2,0,0.5,0.5,0.5,0.5,0.5,1,0.5,22,0.5,0,0,0.5,0.5,2,1,0.5,0,0,7,0.5,0.5,0,0.5,1,0.5,0
5,2021,10,6,1,5,1,9,1,16,0.5,1,14,5,1,6,8,31,0,3,0.5,15,30,34,10,61,1,1,14,0,0,93,0,1,6,2,1,4,0,1,54,6,79,0.5,1,0,17,4,15,89,21,0.5,55,87,20,2,2,91,6,7,62,3,4,2,0.5,0.5,0.5,1,14,1,15,71,0.5,6,36,90,0.5,36,4,96,0.5,87,4,0.5,33,40,29,0,38,0.5,3,0.5,100,9,62,76,17,1,100,2,17,2,8,19,4,2,0,0.5,0.5,0,0.5,2,0,0.5,0.5,1,0,0.5,0.5,0.5,0,0,0.5,0.5,0.5,0.5,1,0.5,0.5,0.5,1,0.5,0.5,0.5,1,3,0,0.5,0.5,0.5,0.5,0,1,0.5,10,0,0.5,1,0.5,0.5,1,0,0.5,0,0,6,0.5,0.5,0.5,0,1,0.5,0